ID,Activated Formula,Id,DOI,Abbreviations,Metal,Nmetal,Linkers,Nlinker,L_afpBr1_C3_C3,L_afpC2_C2_C3,L_afpC2_C3_C3,L_afpC3_C3_C3,L_afpC3_C3_C4,L_afpC3_C3_H1,L_afpC3_C3_N2,L_afpC3_C3_N3,L_afpC3_C3_O1,L_afpC3_C3_O2,L_afpC3_C3_P4,L_afpC3_C3_S2,L_afpC3_C3_S4,L_afpC3_C4_C3,L_afpC3_C4_C4,L_afpC3_C4_H1,L_afpC3_C4_N3,L_afpC3_C4_S2,L_afpC3_N2_C3,L_afpC3_N2_C4,L_afpC3_N2_N2,L_afpC3_N2_N3,L_afpC3_N3_C3,L_afpC3_N3_C4,L_afpC3_N3_H1,L_afpC3_N3_N2,L_afpC3_N3_O2,L_afpC3_O2_C3,L_afpC3_O2_C4,L_afpC3_O2_H1,L_afpC3_P4_C3,L_afpC3_P4_O1,L_afpC3_P4_O2,L_afpC3_S2_C3,L_afpC3_S2_C4,L_afpC3_S2_S2,L_afpC3_S4_C3,L_afpC3_S4_O1,L_afpC3_S4_O2,L_afpC4_C3_H1,L_afpC4_C3_N2,L_afpC4_C3_N3,L_afpC4_C3_O1,L_afpC4_C3_O2,L_afpC4_C4_C4,L_afpC4_C4_H1,L_afpC4_C4_N2,L_afpC4_C4_N3,L_afpC4_C4_O2,L_afpC4_N3_C4,L_afpC4_N3_H1,L_afpC4_O2_H1,L_afpH1_C3_N2,L_afpH1_C3_N3,L_afpH1_C3_O1,L_afpH1_C3_O2,L_afpH1_C4_H1,L_afpH1_C4_N2,L_afpH1_C4_N3,L_afpH1_C4_O2,L_afpH1_C4_S2,L_afpH1_N3_H1,L_afpH1_N3_N2,L_afpH1_O2_N3,L_afpH1_O2_P4,L_afpH1_O2_S4,L_afpN1_C2_S1,L_afpN2_C3_N2,L_afpN2_C3_N3,L_afpN2_C3_S2,L_afpN2_N2_N2,L_afpN2_N2_N3,L_afpN2_N3_O2,L_afpN3_C3_N3,L_afpN3_C3_O1,L_afpN3_C3_S2,L_afpO1_C3_O1,L_afpO1_C3_O2,L_afpO1_N3_O1,L_afpO1_N3_O2,L_afpO1_P4_O2,L_afpO1_S4_O1,L_afpO1_S4_O2,L_afpO2_P4_O2,L_efpfam_acrylate,L_efpfam_polyamides,L_efpfam_single,L_efpnorm_mol_wt,L_efpnumatoms_none_H,L_efpring,L_linkermetalratio,L_mfpChi0n,L_mfpChi0v,L_mfpChi1n,L_mfpChi1v,L_mfpChi2n,L_mfpChi2v,L_mfpHallKierAlpha,L_mfpMQNs13,L_mfpMQNs14,L_mfpMQNs15,L_mfpMQNs16,L_mfpMQNs17,L_mfpMQNs19,L_mfpMQNs20,L_mfpMQNs21,L_mfpMQNs24,L_mfpMQNs25,L_mfpMQNs26,L_mfpMQNs27,L_mfpMQNs28,L_mfpMQNs29,L_mfpMQNs30,L_mfpMQNs31,L_mfpMQNs32,L_mfpMQNs34,L_mfpMQNs35,L_mfpMQNs36,L_mfpMQNs40,L_mfpMQNs41,L_mfpMQNs42,L_mfpNumAliphaticRings,L_mfpNumAromaticRings,L_mfptpsa,L_nh2o,L_no,L_noh,M_Affinity,M_AtomicRadii,M_Electronegativity,M_Ionization,M_Valency,pred_2class,pred_3class
1,Cd(AA)(bpa)(OH2),1957791,10.1016/j.ica.2019.119352,"AA = adipic acid
bpa = 1,2-bis(4-pyridyl)ethane",['Cd'],[1],"['AA','bpa','H2O']","[1,1,1]",0,0,0,0.115384615,0.076923077,0.230769231,0.076923077,0,0,0,0,0,0,0,0.088461538,0.176923077,0,0,0.038461538,0,0,0,0,0,0,0,0,0,0,0.05,0,0,0,0,0,0,0,0,0,0,0,0,0.05,0.05,0.05,0.376923077,0,0,0,0,0,0,0.076923077,0,0,0,0.138461538,0,0,0,0,0,0,0,0,0,0,0,0,0,0,0,0,0,0,0,0,0.05,0,0,0,0,0,0,0.5,0,0,0.599722115,0.519230769,0.428571429,2,0.729179198,0.248409967,0.357544583,0.121747553,0.06861942,0.06861942,0.059192308,0.713461538,0.05,0,0.115384615,0.115384615,0.182692308,0.238461538,0.138461538,0,0,0.05,0.05,0.05,0.138461538,0.038461538,0.192307692,0,0,0,0.038461538,0,0,0,0,0.038461538,0.590192308,1,0,0,-0.725,1.55,1.69,8.9938,2,1,0
2,Cd(PA)(bpa),1957794,10.1016/j.ica.2019.119352,PA = pimelic acid,['Cd'],[1],"['PA','bpa']","[1,1]",0,0,0,0.115384615,0.076923077,0.230769231,0.076923077,0,0,0,0,0,0,0,0.081939799,0.163879599,0,0,0.038461538,0,0,0,0,0,0,0,0,0,0,0.043478261,0,0,0,0,0,0,0,0,0,0,0,0,0.043478261,0.043478261,0.065217391,0.424749164,0,0,0,0,0,0,0.076923077,0,0,0,0.147157191,0,0,0,0,0,0,0,0,0,0,0,0,0,0,0,0,0,0,0,0,0.043478261,0,0,0,0,0,0,0.5,0,0,0.585420847,0.508361204,0.428571429,2,0.735810742,0.244171946,0.362273953,0.12044376,0.067831654,0.067831654,0.055735786,0.723244147,0.043478261,0,0.115384615,0.115384615,0.18812709,0.212374582,0.12541806,0,0,0.043478261,0.043478261,0.043478261,0.147157191,0.038461538,0.192307692,0,0,0,0.038461538,0,0,0,0,0.038461538,0.52937709,0,0,0,-0.725,1.55,1.69,8.9938,2,1,1
3,[Cd(SUA)(bpa)],1957793,10.1016/j.ica.2019.119352,SUA = suberic acid,['Cd'],[1],"['SUA','bpa']","[1,1]",0,0,0,0.115384615,0.076923077,0.230769231,0.076923077,0,0,0,0,0,0,0,0.076923077,0.153846154,0,0,0.038461538,0,0,0,0,0,0,0,0,0,0,0.038461538,0,0,0,0,0,0,0,0,0,0,0,0,0.038461538,0.038461538,0.076923077,0.461538462,0,0,0,0,0,0,0.076923077,0,0,0,0.153846154,0,0,0,0,0,0,0,0,0,0,0,0,0,0,0,0,0,0,0,0,0.038461538,0,0,0,0,0,0,0.5,0,0,0.574419872,0.5,0.428571429,2,0.74091193,0.24091193,0.36591193,0.119440842,0.06722568,0.06722568,0.053076923,0.730769231,0.038461538,0,0.115384615,0.115384615,0.192307692,0.192307692,0.115384615,0,0,0.038461538,0.038461538,0.038461538,0.153846154,0.038461538,0.192307692,0,0,0,0.038461538,0,0,0,0,0.038461538,0.482596154,0,0,0,-0.725,1.55,1.69,8.9938,2,1,1
4,[Cd(AzA)(bpa)],1957792,10.1016/j.ica.2019.119352,AzA = azelaic acid,['Cd'],[1],"['AzA','bpa']","[1,1]",0,0,0,0.115384615,0.076923077,0.230769231,0.076923077,0,0,0,0,0,0,0,0.072944297,0.145888594,0,0,0.038461538,0,0,0,0,0,0,0,0,0,0,0.034482759,0,0,0,0,0,0,0,0,0,0,0,0,0.034482759,0.034482759,0.086206897,0.49071618,0,0,0,0,0,0,0.076923077,0,0,0,0.159151194,0,0,0,0,0,0,0,0,0,0,0,0,0,0,0,0,0,0,0,0,0.034482759,0,0,0,0,0,0,0.5,0,0,0.56569496,0.4933687,0.428571429,2,0.744957699,0.2383264,0.368797222,0.118645424,0.06674508,0.06674508,0.05096817,0.736737401,0.034482759,0,0.115384615,0.115384615,0.195623342,0.176392573,0.107427056,0,0,0.034482759,0.034482759,0.034482759,0.159151194,0.038461538,0.192307692,0,0,0,0.038461538,0,0,0,0,0.038461538,0.445494032,0,0,0,-0.725,1.55,1.69,8.9938,2,1,1
5,[Zn3(tib)2(BPT)2],1449412,10.1016/j.molstruc.2019.127427,"tib = 1,3,5-tris(1-imidazolyl)benzene
H3BPT = biphenyl-3,4′,5-tricarboxylic acid",['Zn'],[3],"['tib','H3BPT']","[2,2]",0,0,0,0.445747801,0,0.407624633,0.045454545,0.136363636,0.048387097,0.048387097,0,0,0,0,0,0,0,0,0.045454545,0,0,0,0.136363636,0,0,0,0,0,0,0.048387097,0,0,0,0,0,0,0,0,0,0,0,0,0,0,0,0,0,0,0,0,0,0,0.090909091,0.090909091,0,0,0,0,0,0,0,0,0,0,0,0,0,0,0.045454545,0,0,0,0,0,0,0,0,0.048387097,0,0,0,0,0,0,0.5,0,0,0.733597263,0.656891496,0.785714286,1.333333333,0.65787629,0.314767786,0.336295368,0.169180714,0.114828944,0.114828944,0.098533724,0.501466276,0.048387097,0,0.26344086,0.248289345,0.109970674,0.284457478,0.187683284,0,0,0.048387097,0.048387097,0.048387097,0,0.045454545,0.46627566,0,0,0.045454545,0.04740958,0,0,0,0,0.092864125,0.653709677,0,0,0,-0.62,1.35,1.65,9.3942,2,1,-1
6,Cd(TIPA)(HCOO)2],1959051,10.1016/j.inoche.2019.107702,TIPA = tri(4-imidazolylphenyl)amine,['Cd'],[1],"['TIPA','HCOO']","[1,2]",0,0,0,0.145454545,0,0.181818182,0.036363636,0.072727273,0,0,0,0,0,0,0,0,0,0,0.018181818,0,0,0,0.036363636,0,0.036363636,0,0,0,0,0.133333333,0,0,0,0,0,0,0,0,0,0,0,0,0,0,0,0,0,0,0,0,0,0,0.018181818,0.018181818,0.133333333,0.133333333,0,0,0,0,0,0,0,0,0,0,0,0,0.018181818,0,0,0,0,0,0,0,0,0.133333333,0,0,0,0,0,0,0.666666667,0,0,0.735385859,0.606060606,0.323529412,3,0.670263151,0.276323757,0.294901015,0.111124632,0.049406213,0.049406213,0.100424242,0.563636364,0.133333333,0,0.103030303,0.096969697,0.036363636,0.575757576,0.309090909,0,0,0.133333333,0.133333333,0.139393939,0,0.018181818,0.181818182,0,0,0.018181818,0.018181818,0,0,0,0,0.036363636,1.378606061,0,0,0,-0.725,1.55,1.69,8.9938,2,1,1
7,[Cd2Cl2(TIPA)2(NDC)2],1959053,10.1016/j.inoche.2019.107702,"H2NDC=naphthalene-2,6- dicarboxylic acid",['Cd'],[2],"['Cl','TIPA','H2NDC']","[2,2,2]",0,0,0,0.395454545,0,0.348484848,0.036363636,0.072727273,0.027777778,0.027777778,0,0,0,0,0,0,0,0,0.018181818,0,0,0,0.036363636,0,0.036363636,0,0,0,0,0.027777778,0,0,0,0,0,0,0,0,0,0,0,0,0,0,0,0,0,0,0,0,0,0,0.018181818,0.018181818,0,0,0,0,0,0,0,0,0,0,0,0,0,0,0.018181818,0,0,0,0,0,0,0,0,0.027777778,0,0,0,0,0,0,0.333333333,0,0.333333333,0.98062197,0.594949495,0.531862745,3,0.674849258,0.39578691,0.291848233,0.113170646,0.077530032,0.077530032,0.110868687,0.496969697,0.027777778,0,0.186363636,0.166414141,0.064141414,0.153535354,0.097979798,0,0,0.194444444,0.027777778,0.033838384,0,0.018181818,0.320707071,0,0,0.018181818,0.045959596,0,0.027777778,0.013888889,0,0.064141414,0.394300505,0,0,0,-0.725,1.55,1.69,8.9938,2,1,0
8,[Zn2(TIPA)(HCOO) (NDC)1.5],1959054,10.1016/j.inoche.2019.107702,,['Zn'],[4],"['TIPA','HCOO','H2NDC']","[2,2,3]",0,0,0,0.446103896,0,0.37012987,0.031168831,0.062337662,0.035714286,0.035714286,0,0,0,0,0,0,0,0,0.015584416,0,0,0,0.031168831,0,0.031168831,0,0,0,0,0.092857143,0,0,0,0,0,0,0,0,0,0,0,0,0,0,0,0,0,0,0,0,0,0,0.015584416,0.015584416,0.057142857,0.057142857,0,0,0,0,0,0,0,0,0,0,0,0,0.015584416,0,0,0,0,0,0,0,0,0.092857143,0,0,0,0,0,0,0.714285714,0,0,0.732878355,0.633766234,0.545168067,1.75,0.664157774,0.297924008,0.318311658,0.144537222,0.088031188,0.088031188,0.097935065,0.525974026,0.092857143,0,0.195454545,0.172402597,0.066883117,0.407792208,0.222077922,0,0,0.092857143,0.092857143,0.098051948,0,0.015584416,0.334415584,0,0,0.015584416,0.051298701,0,0.035714286,0.017857143,0,0.066883117,0.981840909,0,0,0,-0.62,1.35,1.65,9.3942,2,-1,-1
9,[Sc2(OH)2(TDC)2],990406,10.1016/j.ica.2019.119304,"H2TDC = 2,5-thiophenedicarboxylic acid, H2fum = fumaric acid",['Sc'],[2],"['H2TDC','OH']","[2,2]",0,0,0,0.266666667,0,0.266666667,0,0,0.133333333,0.133333333,0,0.266666667,0,0,0,0,0,0,0,0,0,0,0,0,0,0,0,0,0,0.133333333,0,0,0,0.066666667,0,0,0,0,0,0,0,0,0,0,0,0,0,0,0,0,0,0,0,0,0,0,0,0,0,0,0,0,0,0,0,0,0,0,0,0,0,0,0,0,0,0,0,0.133333333,0,0,0,0,0,0,1,0,0,0.95645,0.733333333,0.454545455,1,0.60274943,0.390515869,0.286082763,0.219416097,0.105681688,0.17372307,0.090666667,0.533333333,0.133333333,0,0.2,0.133333333,0.133333333,0.533333333,0.266666667,0,0,0.133333333,0.133333333,0.133333333,0,0.066666667,0.266666667,0,0,0.066666667,0,0,0,0,0,0.066666667,1.243333333,0,0,1,0.188,1.6,1.36,6.5615,3,1,0
10,[Sc3O(fum)3(H2O)3(NO3)],980254,10.1016/j.ica.2019.119304,,['Sc'],[3],"['fum','HNO3','H2O']","[3,1,3]",0,0,0,0.125,0,0.25,0,0,0.125,0.125,0,0,0,0,0,0,0,0,0,0,0,0,0,0,0,0,0,0,0,0.125,0,0,0,0,0,0,0,0,0,0,0,0,0,0,0,0,0,0,0,0,0,0,0,0,0,0,0,0,0,0,0,0,0,0.05,0,0,0,0,0,0,0,0,0,0,0,0,0,0.125,0.05,0.1,0,0,0,0,0.75,0,0,0.867091667,0.7,0,1.333333333,0.610659996,0.310659996,0.259235615,0.125292164,0.062737525,0.062737525,0.1225,0.65,0.2375,0,0,0,0.175,0.9,0.45,0.05,0.05,0.225,0.175,0.3,0,0,0,0,0,0,0,0,0,0,0,0,1.95775,1,0,0,0.188,1.6,1.36,6.5615,3,1,1
12,[Cd(L1)(BPDC)],1438210,10.1021/acs.cgd.6b01197,"L1 = 4,4′-(2,5-bis(methylthio)-1,4-phenylene)dipyridine, H2BPDC = 4,4′-biphenyldicarboxylic acid, H2SDBA = 4,4′-sulfonyldibenzoic acid",['Cd'],[1],"['L1','H2BPDC']","[1,1]",0,0,0,0.620300752,0,0.496240602,0.052631579,0,0.035714286,0.035714286,0,0.052631579,0,0,0,0,0,0,0.026315789,0,0,0,0,0,0,0,0,0,0,0.035714286,0,0,0,0,0.026315789,0,0,0,0,0,0,0,0,0,0,0,0,0,0,0,0,0,0.052631579,0,0,0,0.078947368,0,0,0,0.078947368,0,0,0,0,0,0,0,0,0,0,0,0,0,0,0,0,0.035714286,0,0,0,0,0,0,0.5,0,0,0.716244204,0.610902256,0.742424242,2,0.684191544,0.316580552,0.347960341,0.178175068,0.104688049,0.120803113,0.070206767,0.557330827,0.035714286,0,0.22556391,0.22556391,0.132518797,0.169172932,0.097744361,0,0,0.035714286,0.062030075,0.035714286,0.026315789,0.026315789,0.42481203,0,0,0,0.07518797,0,0,0,0,0.07518797,0.417838346,0,0,0,-0.725,1.55,1.69,8.9938,2,1,1
13,[Cd(L1)(SDBA)(H2O)],1438211,10.1021/acs.cgd.6b01197,,['Cd'],[1],"['L1','H2SDBA','H2O']","[1,1,1]",0,0,0,0.521222411,0,0.468590832,0.052631579,0,0.032258065,0.032258065,0,0.052631579,0.064516129,0,0,0,0,0,0.026315789,0,0,0,0,0,0,0,0,0,0,0.032258065,0,0,0,0,0.026315789,0,0.016129032,0.064516129,0,0,0,0,0,0,0,0,0,0,0,0,0,0,0.052631579,0,0,0,0.078947368,0,0,0,0.078947368,0,0,0,0,0,0,0,0,0,0,0,0,0,0,0,0,0.032258065,0,0,0,0.016129032,0,0,0.5,0,0,0.767469723,0.628183362,0.694805195,2,0.671745621,0.334585034,0.339674227,0.20213438,0.106014337,0.151538598,0.066485569,0.5475382,0.064516129,0,0.215195246,0.215195246,0.143463497,0.219864177,0.123089983,0,0,0.064516129,0.058573854,0.032258065,0.042444822,0.026315789,0.404074703,0,0,0,0.071731749,0,0,0,0,0.071731749,0.523270374,1,0,0,-0.725,1.55,1.69,8.9938,2,1,0
16,[Mn3(O)(BTC)2],,10.1039/C2CE26436F,Known as MIL-100(Mn),['Mn'],[3],"['BTC','O']","[2,1]",0,0,0,0.571428571,0,0.285714286,0,0,0.142857143,0.142857143,0,0,0,0,0,0,0,0,0,0,0,0,0,0,0,0,0,0,0,0.142857143,0,0,0,0,0,0,0,0,0,0,0,0,0,0,0,0,0,0,0,0,0,0,0,0,0,0,0,0,0,0,0,0,0,0,0,0,0,0,0,0,0,0,0,0,0,0,0,0.142857143,0,0,0,0,0,0,1,0,0,0.833892857,0.714285714,0.4,0.666666667,0.616642369,0.330928083,0.295213797,0.165464041,0.112493926,0.112493926,0.112857143,0.571428571,0.142857143,0,0.142857143,0.142857143,0.142857143,0.571428571,0.285714286,0,0,0.142857143,0.142857143,0.142857143,0,0,0.285714286,0,0,0,0.047619048,0,0,0,0,0.047619048,1.332142857,0,0.333333333,0,-0.52,1.4,1.55,7.434,2,-1,-1
17,Co3(BTC)2·H2O,,10.1021/ja960746q,"BTC = 1,3,5-benzenetricarboxylic acid",['Co'],[3],"['BTC','H2O']","[2,1]",0,0,0,0.571428571,0,0.285714286,0,0,0.142857143,0.142857143,0,0,0,0,0,0,0,0,0,0,0,0,0,0,0,0,0,0,0,0.142857143,0,0,0,0,0,0,0,0,0,0,0,0,0,0,0,0,0,0,0,0,0,0,0,0,0,0,0,0,0,0,0,0,0,0,0,0,0,0,0,0,0,0,0,0,0,0,0,0.142857143,0,0,0,0,0,0,1,0,0,0.833892857,0.714285714,0.4,0.666666667,0.616642369,0.330928083,0.295213797,0.165464041,0.112493926,0.112493926,0.112857143,0.571428571,0.142857143,0,0.142857143,0.142857143,0.142857143,0.571428571,0.285714286,0,0,0.142857143,0.142857143,0.142857143,0,0,0.285714286,0,0,0,0.047619048,0,0,0,0,0.047619048,1.332142857,0.333333333,0,0,0.66226,1.35,1.88,7.881,2,-1,-1
18,Ni3(BTC)2·H2O,,10.1021/ja960746q,,['Ni'],[3],"['BTC','H2O']","[2,1]",0,0,0,0.571428571,0,0.285714286,0,0,0.142857143,0.142857143,0,0,0,0,0,0,0,0,0,0,0,0,0,0,0,0,0,0,0,0.142857143,0,0,0,0,0,0,0,0,0,0,0,0,0,0,0,0,0,0,0,0,0,0,0,0,0,0,0,0,0,0,0,0,0,0,0,0,0,0,0,0,0,0,0,0,0,0,0,0.142857143,0,0,0,0,0,0,1,0,0,0.833892857,0.714285714,0.4,0.666666667,0.616642369,0.330928083,0.295213797,0.165464041,0.112493926,0.112493926,0.112857143,0.571428571,0.142857143,0,0.142857143,0.142857143,0.142857143,0.571428571,0.285714286,0,0,0.142857143,0.142857143,0.142857143,0,0,0.285714286,0,0,0,0.047619048,0,0,0,0,0.047619048,1.332142857,0.333333333,0,0,1.15716,1.35,1.91,7.6398,2,-1,-1
19,Zn3(BTC)2·H2O,,10.1021/ja960746q,,['Zn'],[3],"['BTC','H2O']","[2,1]",0,0,0,0.571428571,0,0.285714286,0,0,0.142857143,0.142857143,0,0,0,0,0,0,0,0,0,0,0,0,0,0,0,0,0,0,0,0.142857143,0,0,0,0,0,0,0,0,0,0,0,0,0,0,0,0,0,0,0,0,0,0,0,0,0,0,0,0,0,0,0,0,0,0,0,0,0,0,0,0,0,0,0,0,0,0,0,0.142857143,0,0,0,0,0,0,1,0,0,0.833892857,0.714285714,0.4,0.666666667,0.616642369,0.330928083,0.295213797,0.165464041,0.112493926,0.112493926,0.112857143,0.571428571,0.142857143,0,0.142857143,0.142857143,0.142857143,0.571428571,0.285714286,0,0,0.142857143,0.142857143,0.142857143,0,0,0.285714286,0,0,0,0.047619048,0,0,0,0,0.047619048,1.332142857,0.333333333,0,0,-0.62,1.35,1.65,9.3942,2,-1,-1
20,[Ce(BTC)(H2O)],,10.1002/ejic.201000541,,['Ce'],[1],"['BTC','H2O']","[1,1]",0,0,0,0.571428571,0,0.285714286,0,0,0.142857143,0.142857143,0,0,0,0,0,0,0,0,0,0,0,0,0,0,0,0,0,0,0,0.142857143,0,0,0,0,0,0,0,0,0,0,0,0,0,0,0,0,0,0,0,0,0,0,0,0,0,0,0,0,0,0,0,0,0,0,0,0,0,0,0,0,0,0,0,0,0,0,0,0.142857143,0,0,0,0,0,0,1,0,0,0.833892857,0.714285714,0.4,1,0.616642369,0.330928083,0.295213797,0.165464041,0.112493926,0.112493926,0.112857143,0.571428571,0.142857143,0,0.142857143,0.142857143,0.142857143,0.571428571,0.285714286,0,0,0.142857143,0.142857143,0.142857143,0,0,0.285714286,0,0,0,0.047619048,0,0,0,0,0.047619048,1.332142857,1,0,0,0.55,1.85,1.12,5.5387,3,1,1
21,[Y(BTC)(H2O)],703003,10.1002/ejic.201000541,,['Y'],[1],"['BTC','H2O']","[1,1]",0,0,0,0.571428571,0,0.285714286,0,0,0.142857143,0.142857143,0,0,0,0,0,0,0,0,0,0,0,0,0,0,0,0,0,0,0,0.142857143,0,0,0,0,0,0,0,0,0,0,0,0,0,0,0,0,0,0,0,0,0,0,0,0,0,0,0,0,0,0,0,0,0,0,0,0,0,0,0,0,0,0,0,0,0,0,0,0.142857143,0,0,0,0,0,0,1,0,0,0.833892857,0.714285714,0.4,1,0.616642369,0.330928083,0.295213797,0.165464041,0.112493926,0.112493926,0.112857143,0.571428571,0.142857143,0,0.142857143,0.142857143,0.142857143,0.571428571,0.285714286,0,0,0.142857143,0.142857143,0.142857143,0,0,0.285714286,0,0,0,0.047619048,0,0,0,0,0.047619048,1.332142857,1,0,0,0.307,1.8,1.22,6.2173,3,1,1
22,[Tb(BTC)(H2O)],,10.1002/ejic.201000541,,['Tb'],[1],"['BTC','H2O']","[1,1]",0,0,0,0.571428571,0,0.285714286,0,0,0.142857143,0.142857143,0,0,0,0,0,0,0,0,0,0,0,0,0,0,0,0,0,0,0,0.142857143,0,0,0,0,0,0,0,0,0,0,0,0,0,0,0,0,0,0,0,0,0,0,0,0,0,0,0,0,0,0,0,0,0,0,0,0,0,0,0,0,0,0,0,0,0,0,0,0.142857143,0,0,0,0,0,0,1,0,0,0.833892857,0.714285714,0.4,1,0.616642369,0.330928083,0.295213797,0.165464041,0.112493926,0.112493926,0.112857143,0.571428571,0.142857143,0,0.142857143,0.142857143,0.142857143,0.571428571,0.285714286,0,0,0.142857143,0.142857143,0.142857143,0,0,0.285714286,0,0,0,0.047619048,0,0,0,0,0.047619048,1.332142857,1,0,0,0.436,1.75,1.1,6.25416,3,1,1
23,[Cd(H3L1)(H2O)],1937043,10.1016/j.molstruc.2019.127620,H3L1 = 4-(5-carboxy-pyridine-3-yloxy)-phthalic acid,['Cd'],[1],"['H3L1','H2O']","[1,1]",0,0,0,0.483870968,0,0.322580645,0.064516129,0,0.096774194,0.225806452,0,0,0,0,0,0,0,0,0.032258065,0,0,0,0,0,0,0,0,0.032258065,0,0.096774194,0,0,0,0,0,0,0,0,0,0,0,0,0,0,0,0,0,0,0,0,0,0,0.064516129,0,0,0,0,0,0,0,0,0,0,0,0,0,0,0,0,0,0,0,0,0,0,0,0,0.096774194,0,0,0,0,0,0,1,0,0,0.815123656,0.709677419,0.545454545,1,0.622740375,0.332417794,0.308224246,0.171942153,0.115583645,0.115583645,0.110322581,0.548387097,0.096774194,0,0.193548387,0.193548387,0.161290323,0.483870968,0.258064516,0,0,0.096774194,0.129032258,0.096774194,0,0.032258065,0.35483871,0,0,0,0.064516129,0,0,0,0,0.064516129,1.080806452,1,0,0,-0.725,1.55,1.69,8.9938,2,1,0
24,[H2(bpp)][Zn2(L2)2(bpe)],1938025,10.1016/j.molstruc.2019.127620,"L2 = 3-(4-carboxy-phenoxy)-phthalic acid, bpp = 1,3-bis(4-piperidyl) propane, bpe = 1,2-bis(4-pyridyl) ethylene",['Zn'],[2],"['bpp','bpe','L2']","[1,1,2]",0,0,0,0.40625,0,0.385416667,0.041666667,0,0.046875,0.109375,0,0,0,0,0,0,0,0,0.020833333,0,0,0,0,0,0,0,0,0.015625,0,0.046875,0,0,0,0,0,0,0,0,0,0,0,0,0,0,0.079268293,0.256097561,0,0.024390244,0,0.012195122,0.024390244,0,0.041666667,0,0,0,0.067073171,0,0.048780488,0,0,0,0,0,0,0,0,0,0,0,0,0,0,0,0,0,0,0.046875,0,0,0,0,0,0,0.5,0,0.25,0.658614139,0.581046748,0.687012987,2,0.697697829,0.278744577,0.350350587,0.145818559,0.093216036,0.093216036,0.073248222,0.589176829,0.057291667,0,0.229420732,0.15625,0.123348577,0.251778455,0.142403455,0,0,0.046875,0.0625,0.067708333,0.018292683,0.020833333,0.303861789,0.06097561,0,0,0.064278455,0,0,0,0.012195122,0.052083333,0.576976308,0,0,0,-0.62,1.35,1.65,9.3942,2,1,-1
25,[Co(HL3)2(bipy)],1875715,10.1007%2Fs10876-019-01648-y,"HL3 = 4-{[(1-phenyl-1H-tetrazol-5-yl)sulfanyl]methyl}benzoic acid, bipy = 4,4′-bipyridine",['Co'],[1],"['HL3','bipy']","[2,1]",0,0,0,0.441176471,0.039215686,0.552941176,0.066666667,0.039215686,0.019607843,0.019607843,0,0,0,0,0,0.039215686,0,0.019607843,0.033333333,0,0.019607843,0,0.019607843,0,0,0.039215686,0,0,0,0.019607843,0,0,0,0,0.019607843,0,0,0,0,0,0,0,0,0,0,0,0,0,0,0,0,0,0.066666667,0,0,0,0.019607843,0,0,0,0.039215686,0,0,0,0,0,0,0,0.019607843,0.019607843,0.019607843,0.019607843,0,0,0,0.019607843,0,0.019607843,0,0,0,0,0,0,0.666666667,0,0,0.727310131,0.631372549,0.848484848,3,0.673016909,0.320399195,0.344477027,0.177972092,0.102375466,0.117540107,0.080686275,0.502941176,0.019607843,0,0.276470588,0.256862745,0.114705882,0.190196078,0.150980392,0,0,0.019607843,0.039215686,0.019607843,0.019607843,0.092156863,0.441176471,0,0,0.019607843,0.07254902,0,0,0,0,0.092156863,0.503985294,0,0,0,0.66226,1.35,1.88,7.881,2,1,0
26,[Ca(C4O4)(H2O)],1582383,10.1038/s41563-018-0206-2,,['Ca'],[1],"['C4H4','H2O']","[1,1]",0,0,0,0.4,0,0,0,0,0.4,0.4,0,0,0,0,0,0,0,0,0,0,0,0,0,0,0,0,0,0,0,0.2,0,0,0,0,0,0,0,0,0,0,0,0,0,0,0,0,0,0,0,0,0,0,0,0,0,0,0,0,0,0,0,0,0,0,0,0,0,0,0,0,0,0,0,0,0,0,0,0,0,0,0,0,0,0,0,0,0,0.950466667,0.8,0.5,1,0.563299316,0.363299316,0.263299316,0.181649658,0.131649658,0.131649658,0.132,0.4,0.2,0,0.2,0.2,0.2,0.8,0.4,0,0,0.2,0.2,0,0,0,0.4,0,0.1,0,0,0,0,0,0,0.1,1.865,1,0,0,0.02455,1.8,1,6.1132,2,1,1
28,[Zn2(btzip)2(H2O)],1969920,10.1016/j.jssc.2019.121170,"H2bztip = 4,6-bis(triazol-1-yl)isophthalic acid",['Zn'],[2],"['H2bztip','H2O']","[2,1]",0,0,0,0.333333333,0,0.266666667,0.066666667,0.2,0.066666667,0.066666667,0,0,0,0,0,0,0,0,0,0,0.066666667,0,0.066666667,0,0,0.133333333,0,0,0,0.066666667,0,0,0,0,0,0,0,0,0,0,0,0,0,0,0,0,0,0,0,0,0,0,0.066666667,0.066666667,0,0,0,0,0,0,0,0,0,0,0,0,0,0,0,0,0,0.066666667,0,0,0,0,0,0.066666667,0,0,0,0,0,0,1,0,0,0.833983333,0.733333333,0.727272727,1,0.610542491,0.343875824,0.309154465,0.181937912,0.124061146,0.124061146,0.118666667,0.466666667,0.066666667,0,0.266666667,0.266666667,0.133333333,0.466666667,0.333333333,0,0,0.066666667,0.066666667,0.066666667,0,0.133333333,0.4,0,0,0.066666667,0.033333333,0,0,0,0,0.1,1.1335,0.5,0,0,-0.62,1.35,1.65,9.3942,2,1,0
29,[Zn3(HL4)2(btc)2(H2O)2],1961535,10.1016/j.jssc.2019.121133,"1,2,3-benzenetricarboxylic acid (H3btc), sodium 5-sulfoisophthalate (NaH2SIP) and 1-(4-(1H-imidazole-5-yl)phenyl)-1H-1,2,4-triazole (HL4)",['Zn'],[3],"['HL4','btc','H2O']","[2,2,2]",0,0,0,0.36,0,0.36,0.04,0.16,0,0,0,0,0,0,0,0,0,0,0.08,0,0,0.04,0.08,0,0.08,0.08,0,0,0,0,0,0,0,0,0,0,0,0,0,0,0,0,0,0,0,0,0,0,0,0,0,0,0.2,0.08,0,0,0,0,0,0,0,0,0,0,0,0,0,0.04,0.08,0,0,0,0,0,0,0,0,0,0,0,0,0,0,0,0,0,0,0.704093333,0.64,1,1.333333333,0.669442719,0.309442719,0.346386991,0.168498447,0.109249224,0.109249224,0.0972,0.44,0,0,0.32,0.32,0.08,0.2,0.2,0,0,0,0,0,0,0.12,0.52,0,0,0.08,0.04,0,0,0,0,0.12,0.5939,0.666666667,0,0,-0.62,1.35,1.65,9.3942,2,1,0
30,[Mn(HL4)(btc)(H2O)],1961536,10.1016/j.jssc.2019.121133,,['Mn'],[1],"['HL4','btc','H2O']","[1,1,1]",0,0,0,0.36,0,0.36,0.04,0.16,0,0,0,0,0,0,0,0,0,0,0.08,0,0,0.04,0.08,0,0.08,0.08,0,0,0,0,0,0,0,0,0,0,0,0,0,0,0,0,0,0,0,0,0,0,0,0,0,0,0.2,0.08,0,0,0,0,0,0,0,0,0,0,0,0,0,0.04,0.08,0,0,0,0,0,0,0,0,0,0,0,0,0,0,0,0,0,0,0.704093333,0.64,1,2,0.669442719,0.309442719,0.346386991,0.168498447,0.109249224,0.109249224,0.0972,0.44,0,0,0.32,0.32,0.08,0.2,0.2,0,0,0,0,0,0,0.12,0.52,0,0,0.08,0.04,0,0,0,0,0.12,0.5939,1,0,0,-0.52,1.4,1.55,7.434,2,1,1
31,Zn2(HL4)2(SIP)(H2O)],1961537,10.1016/j.jssc.2019.121133,"HL4 = 1-(4-(1H-imidazole-5-yl)phenyl)-1H-1,2,4-triazole",['Zn'],[2],"['HL4','SIP','H2O']","[2,1,1]",0,0,0,0.391515152,0,0.330909091,0.026666667,0.106666667,0.03030303,0.03030303,0,0,0.03030303,0,0,0,0,0,0.053333333,0,0,0.026666667,0.053333333,0,0.053333333,0.053333333,0,0,0,0.03030303,0,0,0,0,0,0,0,0.03030303,0.015151515,0,0,0,0,0,0,0,0,0,0,0,0,0,0.133333333,0.053333333,0,0,0,0,0,0,0,0,0,0,0,0.015151515,0,0.026666667,0.053333333,0,0,0,0,0,0,0,0,0.03030303,0,0,0,0.015151515,0.03030303,0,0.333333333,0,0,0.780249091,0.669090909,0.791666667,1.5,0.647294939,0.328757008,0.325551412,0.187012132,0.110456501,0.130403419,0.094042424,0.475151515,0.060606061,0,0.258787879,0.258787879,0.113939394,0.345454545,0.239393939,0,0,0.060606061,0.045454545,0.03030303,0.015151515,0.08,0.437575758,0,0,0.053333333,0.041818182,0,0,0,0,0.095151515,0.884456061,0.5,0,0,-0.62,1.35,1.65,9.3942,2,1,0
32,[Cd(HL4)(SIP)(H2O)],1961538,10.1016/j.jssc.2019.121133,sodium 5-sulfoisophthalate (NaH2SIP),['Cd'],[1],"['HL4','SIP','H2O']","[1,1,1]",0,0,0,0.407272727,0,0.316363636,0.02,0.08,0.045454545,0.045454545,0,0,0.045454545,0,0,0,0,0,0.04,0,0,0.02,0.04,0,0.04,0.04,0,0,0,0.045454545,0,0,0,0,0,0,0,0.045454545,0.022727273,0,0,0,0,0,0,0,0,0,0,0,0,0,0.1,0.04,0,0,0,0,0,0,0,0,0,0,0,0.022727273,0,0.02,0.04,0,0,0,0,0,0,0,0,0.045454545,0,0,0,0.022727273,0.045454545,0,0.5,0,0,0.81832697,0.683636364,0.6875,2,0.636221049,0.338414153,0.315133623,0.196268974,0.11106014,0.140980517,0.092463636,0.492727273,0.090909091,0,0.228181818,0.228181818,0.130909091,0.418181818,0.259090909,0,0,0.090909091,0.068181818,0.045454545,0.022727273,0.06,0.396363636,0,0,0.04,0.042727273,0,0,0,0,0.082727273,1.029734091,1,0,0,-0.725,1.55,1.69,8.9938,2,1,0
34,"[Cd(btca)(2,2′-bpy)]",1847277,10.1016/j.inoche.2019.107726,"H2btca = benzotriazole-5-carboxylic acid, 2,2′-bpy = 2,2′-bipyridine",['Cd'],[1],"['H2BTCA','bpy']","[1,1]",0,0,0,0.317647059,0.088235294,0.467647059,0.238235294,0,0.029411765,0.029411765,0,0,0,0.029411765,0,0.117647059,0,0,0.05,0,0.058823529,0,0,0,0,0,0,0,0,0.029411765,0,0,0,0,0,0,0,0,0,0,0.029411765,0,0,0,0,0,0,0,0,0,0,0,0.05,0,0,0,0.029411765,0,0,0,0,0,0,0,0,0,0,0,0,0,0.029411765,0,0,0,0,0,0,0.029411765,0,0,0,0,0,0,0.5,0,0,0.725234804,0.652941176,0.875,2,0.660835308,0.313776485,0.33783745,0.167006618,0.106893438,0.106893438,0.094852941,0.430882353,0.029411765,0,0.326470588,0.267647059,0.054411765,0.255882353,0.197058824,0,0,0.029411765,0.029411765,0.029411765,0,0.138235294,0.397058824,0.029411765,0,0.029411765,0.079411765,0,0.058823529,0.029411765,0.058823529,0.05,0.708036765,0,0,0,-0.725,1.55,1.69,8.9938,2,1,1
37,Ba4(HL5)2(H2O),1497928,10.1039/C6CC06490F,"HL5 = 2,4,6-tris(4-phosphonophenyl)pyridine",['Ba'],[4],"['HL5','H2O']","[2,1]",0,0,0,0.553571429,0,0.5,0.071428571,0,0,0,0.107142857,0,0,0,0,0,0,0,0.017857143,0,0,0,0,0,0,0,0,0,0,0,0,0.053571429,0.107142857,0,0,0,0,0,0,0,0,0,0,0,0,0,0,0,0,0,0,0,0,0,0,0,0,0,0,0,0,0,0,0,0.107142857,0,0,0,0,0,0,0,0,0,0,0,0,0,0,0,0.107142857,0,0,0.053571429,0,0,0,0.814483631,0.642857143,0.666666667,0.5,0.660055161,0.350828046,0.329655204,0.243556746,0.117807886,0.195065908,0.048928571,0.571428571,0.053571429,0,0.214285714,0.214285714,0.214285714,0.339285714,0.178571429,0,0,0.053571429,0.107142857,0,0.053571429,0.017857143,0.410714286,0,0,0,0.071428571,0,0,0,0,0.071428571,0.828035714,0.25,0,0,0.14462,2.15,0.89,5.2117,2,1,1
38,Sr4(HL5)2(H2O),1497928,10.1039/C6CC06490F,,['Sr'],[4],"['HL5','H2O']","[2,1]",0,0,0,0.553571429,0,0.5,0.071428571,0,0,0,0.107142857,0,0,0,0,0,0,0,0.017857143,0,0,0,0,0,0,0,0,0,0,0,0,0.053571429,0.107142857,0,0,0,0,0,0,0,0,0,0,0,0,0,0,0,0,0,0,0,0,0,0,0,0,0,0,0,0,0,0,0,0.107142857,0,0,0,0,0,0,0,0,0,0,0,0,0,0,0,0.107142857,0,0,0.053571429,0,0,0,0.814483631,0.642857143,0.666666667,0.5,0.660055161,0.350828046,0.329655204,0.243556746,0.117807886,0.195065908,0.048928571,0.571428571,0.053571429,0,0.214285714,0.214285714,0.214285714,0.339285714,0.178571429,0,0,0.053571429,0.107142857,0,0.053571429,0.017857143,0.410714286,0,0,0,0.071428571,0,0,0,0,0.071428571,0.828035714,0.25,0,0,0.05206,2,0.95,5.6949,2,1,1
39,Pb(BTO)(H2O)],1494309,10.1039/C6DT02558G,"BTO = 5,5′-bistetrazole-1,1′-diolate",['Pb'],[1],"['BTO','H2O']","[1,1]",0,0,0,0,0,0,0.142857143,0.142857143,0,0,0,0,0,0,0,0,0,0,0,0,0.142857143,0,0,0,0,0.142857143,0.142857143,0,0,0,0,0,0,0,0,0,0,0,0,0,0,0,0,0,0,0,0,0,0,0,0,0,0,0,0,0,0,0,0,0,0,0,0,0.142857143,0,0,0,0,0.142857143,0,0.142857143,0.142857143,0.142857143,0,0,0,0,0,0,0,0,0,0,0,0,0,0,1.012452381,0.857142857,0.833333333,1,0.528157525,0.385300382,0.251862296,0.193541112,0.125061284,0.125061284,0.161428571,0.357142857,0,0,0.357142857,0.357142857,0.214285714,0.857142857,0.714285714,0,0,0,0.142857143,0,0,0.428571429,0.285714286,0,0,0.142857143,0,0,0,0,0,0.142857143,2.279642857,1,0,0,0.364,1.8,1.87,7.41666,4,1,1
40,[Cu2(HL6)(H2O)2],1449868,10.1039/C6DT02846B,"2,4-di(3′,5′-dicarboxylphenyl)benzoic acid = HL6",['Cu'],[2],"['HL6','H2O']","[1,2]",0,0,0,0.765957447,0,0.382978723,0,0,0.106382979,0.106382979,0,0,0,0,0,0,0,0,0,0,0,0,0,0,0,0,0,0,0,0.106382979,0,0,0,0,0,0,0,0,0,0,0,0,0,0,0,0,0,0,0,0,0,0,0,0,0,0,0,0,0,0,0,0,0,0,0,0,0,0,0,0,0,0,0,0,0,0,0,0.106382979,0,0,0,0,0,0,1,0,0,0.798501773,0.70212766,0.545454545,0.5,0.62941453,0.331542189,0.315584743,0.176409393,0.126325264,0.126325264,0.106170213,0.553191489,0.106382979,0,0.191489362,0.191489362,0.14893617,0.425531915,0.212765957,0,0,0.106382979,0.106382979,0.106382979,0,0,0.382978723,0,0,0,0.063829787,0,0,0,0,0.063829787,0.992021277,1,0,0,1.23578,1.35,1.9,7.7264,2,-1,-1
41,[Co2(HL6)(DMA)],1475325,10.1039/C6DT02846B,,['Co'],[2],"['HL6','DMA']","[1,1]",0,0,0,0.382978723,0,0.191489362,0,0,0.053191489,0.053191489,0,0,0,0,0,0.1,0,0,0,0,0,0,0,0.066666667,0,0,0,0,0,0.053191489,0,0,0,0,0,0,0,0,0,0,0,0.033333333,0.033333333,0,0,0,0,0,0,0.033333333,0,0,0,0,0,0,0.3,0,0.2,0,0,0,0,0,0,0,0,0,0,0,0,0,0,0,0.033333333,0,0,0.053191489,0,0,0,0,0,0,0.5,0.5,0,0.641256442,0.55106383,0.272727273,1,0.709889328,0.260953158,0.345290523,0.125702848,0.084514724,0.084514724,0.070751773,0.709929078,0.086524823,0,0.095744681,0.095744681,0.174468085,0.312765957,0.173049645,0,0,0.086524823,0.053191489,0.119858156,0.1,0,0.191489362,0,0,0,0.031914894,0,0,0,0,0.031914894,0.665260638,0,0,0,0.66226,1.35,1.88,7.881,2,1,1
42,[Co2(HL6)(H2O)],1475326,10.1039/C6DT02846B,,['Co'],[2],"['HL6','H2O']","[1,1]",0,0,0,0.765957447,0,0.382978723,0,0,0.106382979,0.106382979,0,0,0,0,0,0,0,0,0,0,0,0,0,0,0,0,0,0,0,0.106382979,0,0,0,0,0,0,0,0,0,0,0,0,0,0,0,0,0,0,0,0,0,0,0,0,0,0,0,0,0,0,0,0,0,0,0,0,0,0,0,0,0,0,0,0,0,0,0,0.106382979,0,0,0,0,0,0,1,0,0,0.798501773,0.70212766,0.545454545,0.5,0.62941453,0.331542189,0.315584743,0.176409393,0.126325264,0.126325264,0.106170213,0.553191489,0.106382979,0,0.191489362,0.191489362,0.14893617,0.425531915,0.212765957,0,0,0.106382979,0.106382979,0.106382979,0,0,0.382978723,0,0,0,0.063829787,0,0,0,0,0.063829787,0.992021277,0.5,0,0,0.66226,1.35,1.88,7.881,2,-1,-1
43,[Mn2(HL6)(DMF)(H2O)],1475327,10.1039/C6DT02846B,,['Mn'],[2],"['HL6','DMF','H2O']","[1,1,1]",0,0,0,0.382978723,0,0.191489362,0,0,0.053191489,0.053191489,0,0,0,0,0,0,0,0,0,0,0,0,0,0.083333333,0,0,0,0,0,0.053191489,0,0,0,0,0,0,0,0,0,0,0,0,0,0,0,0,0,0,0,0.041666667,0,0,0,0.041666667,0.041666667,0,0.25,0,0.25,0,0,0,0,0,0,0,0,0,0,0,0,0,0,0,0.041666667,0,0,0.053191489,0,0,0,0,0,0,0.5,0.5,0,0.65305297,0.559397163,0.272727273,1,0.704518177,0.26391534,0.340081727,0.124660719,0.080941686,0.080941686,0.07516844,0.693262411,0.094858156,0,0.095744681,0.095744681,0.157801418,0.337765957,0.189716312,0,0,0.094858156,0.053191489,0.136524823,0.083333333,0,0.191489362,0,0,0,0.031914894,0,0,0,0,0.031914894,0.707573138,0.5,0,0,-0.52,1.4,1.55,7.434,2,1,1
44,[Cd(dtsa)(bbi)],1022221,10.1007/s10904-015-0306-2,"H2dtsa = 2, 2′-dithiosalicylic acid, bbi = 1,1′-(1,4-butanediyl)bis(imidazole)",['Cd'],[1],"['dtsa','bbi']","[1,1]",0,0,0,0.266666667,0,0.338095238,0.035714286,0.035714286,0.033333333,0.033333333,0,0.066666667,0,0,0,0,0,0,0.035714286,0,0,0,0.035714286,0.071428571,0,0,0,0,0,0.033333333,0,0,0,0,0,0.033333333,0,0,0,0,0,0,0,0,0.035714286,0.214285714,0,0.035714286,0,0,0,0,0.071428571,0.071428571,0,0,0.071428571,0,0.071428571,0,0,0,0,0,0,0,0,0,0.035714286,0,0,0,0,0,0,0,0,0.033333333,0,0,0,0,0,0,0.5,0,0,0.708615675,0.583333333,0.657142857,2,0.695387705,0.305937591,0.349049683,0.179605238,0.088483729,0.124314228,0.060214286,0.622619048,0.033333333,0,0.189285714,0.189285714,0.172619048,0.204761905,0.138095238,0,0,0.033333333,0.066666667,0.033333333,0.071428571,0.035714286,0.342857143,0,0,0.035714286,0.033333333,0,0,0,0,0.069047619,0.469940476,0,0,0,-0.725,1.55,1.69,8.9938,2,1,1
45,[Cd(dtsa)(bpp2)],1022222,10.1007/s10904-015-0306-2,"bpp2 = 1,3-bi(4-pyridyl)propane)",['Cd'],[1],"['dtsa','bpp2']","[1,1]",0,0,0,0.370114943,0.068965517,0.473563218,0.068965517,0,0.033333333,0.033333333,0,0.066666667,0,0,0.034482759,0.068965517,0,0,0.034482759,0,0,0,0,0,0,0,0,0,0,0.033333333,0,0,0,0,0,0.033333333,0,0,0,0,0,0,0,0,0.017241379,0.137931034,0,0,0,0,0,0,0.068965517,0,0,0,0.051724138,0,0,0,0,0,0,0,0,0,0,0,0,0,0,0,0,0,0,0,0,0.033333333,0,0,0,0,0,0,0.5,0,0,0.710374808,0.591954023,0.7,2,0.693027597,0.312198172,0.34963342,0.184499321,0.092080275,0.127910774,0.061310345,0.593678161,0.033333333,0,0.203448276,0.203448276,0.152298851,0.167816092,0.101149425,0,0,0.033333333,0.066666667,0.033333333,0.051724138,0.034482759,0.372413793,0,0,0,0.067816092,0,0,0,0,0.067816092,0.421954023,0,0,0,-0.725,1.55,1.69,8.9938,2,1,1
46,[Zn(NH2-bdc)(L7)],1431821,10.1039/C6CE00108D,"N4,N4′-bis(pyridin-4-ylmethylene)-biphenyl-4,4′-diamine = (L7)",['Zn'],[1],"['NH2bdc','L7']","[1,1]",0,0,0,0.532608696,0,0.476086957,0.108695652,0.05,0.05,0.05,0,0,0,0,0,0,0,0,0.043478261,0,0,0,0,0,0.05,0,0,0,0,0.05,0,0,0,0,0,0,0,0,0,0,0,0,0,0,0,0,0,0,0,0,0,0,0.065217391,0,0,0,0,0,0,0,0,0.025,0,0,0,0,0,0,0,0,0,0,0,0,0,0,0,0.05,0,0,0,0,0,0,0.5,0,0,0.705683062,0.629347826,0.659340659,2,0.672536195,0.301884021,0.336045835,0.157946654,0.103552692,0.103552692,0.093608696,0.55,0.07173913,0,0.205434783,0.205434783,0.129347826,0.268478261,0.168478261,0,0,0.05,0.07173913,0.09673913,0,0.02173913,0.389130435,0,0,0,0.068478261,0,0,0,0,0.068478261,0.766103261,0,0,0,-0.62,1.35,1.65,9.3942,2,1,0
47,[Cd(NH2-bdc)(L7)],1431822,10.1039/C6CE00108D,,['Cd'],[1],"['NH2bdc','L7']","[1,1]",0,0,0,0.532608696,0,0.476086957,0.108695652,0.05,0.05,0.05,0,0,0,0,0,0,0,0,0.043478261,0,0,0,0,0,0.05,0,0,0,0,0.05,0,0,0,0,0,0,0,0,0,0,0,0,0,0,0,0,0,0,0,0,0,0,0.065217391,0,0,0,0,0,0,0,0,0.025,0,0,0,0,0,0,0,0,0,0,0,0,0,0,0,0.05,0,0,0,0,0,0,0.5,0,0,0.705683062,0.629347826,0.659340659,2,0.672536195,0.301884021,0.336045835,0.157946654,0.103552692,0.103552692,0.093608696,0.55,0.07173913,0,0.205434783,0.205434783,0.129347826,0.268478261,0.168478261,0,0,0.05,0.07173913,0.09673913,0,0.02173913,0.389130435,0,0,0,0.068478261,0,0,0,0,0.068478261,0.766103261,0,0,0,-0.725,1.55,1.69,8.9938,2,1,1
48,[Cd3(OABDC)2(eurea)4],1023794,10.1080/00958972.2016.1180371,"H3OABDC = 5-oxyacetate isophthalic acid, eurea = 2-imidazolidinone",['Cd'],[3],"['H3OABDC','eurea']","[2,4]",0,0,0,0.138888889,0.027777778,0.083333333,0,0,0.027777778,0.027777778,0,0,0,0.013888889,0,0.055555556,0,0,0,0,0,0,0,0.111111111,0.111111111,0,0,0,0,0.041666667,0,0,0,0,0,0,0,0,0,0,0,0,0.013888889,0.013888889,0,0.222222222,0,0.111111111,0,0,0.111111111,0,0,0,0,0,0.125,0,0.222222222,0,0,0,0,0,0,0,0,0,0,0,0,0,0,0.055555556,0.111111111,0,0,0.041666667,0,0,0,0,0,0,0.333333333,0.666666667,0,0.658037037,0.555555556,0.680555556,2,0.703613773,0.259169329,0.339186165,0.126652086,0.075090605,0.075090605,0.073472222,0.541666667,0.097222222,0,0.319444444,0.041666667,0.055555556,0.388888889,0.25,0,0,0.097222222,0.041666667,0.041666667,0.013888889,0,0.25,0.111111111,0,0.055555556,0.013888889,0,0,0,0.055555556,0.013888889,0.959791667,0,0,0,-0.725,1.55,1.69,8.9938,2,1,1
49,[Cd3(OABDC)2(H2O)5)],1023795,10.1080/00958972.2016.1180371,,['Cd'],[3],"['H3OABDC','H2O']","[2,5]",0,0,0,0.416666667,0.083333333,0.25,0,0,0.083333333,0.083333333,0,0,0,0.041666667,0,0.166666667,0,0,0,0,0,0,0,0,0,0,0,0,0,0.125,0,0,0,0,0,0,0,0,0,0,0,0,0.041666667,0.041666667,0,0,0,0,0,0,0,0,0,0,0,0,0.041666667,0,0,0,0,0,0,0,0,0,0,0,0,0,0,0,0,0,0,0,0,0.125,0,0,0,0,0,0,1,0,0,0.778361111,0.666666667,0.375,0.666666667,0.643728739,0.310395406,0.310395406,0.155197703,0.103640518,0.103640518,0.09875,0.625,0.125,0,0.125,0.125,0.166666667,0.5,0.25,0,0,0.125,0.125,0.125,0.041666667,0,0.25,0,0,0,0.041666667,0,0,0,0,0.041666667,1.165625,1.666666667,0,0,-0.725,1.55,1.69,8.9938,2,1,0
50,[Cd2Ba(OABDC)2(H2O)7],1023796,10.1080/00958972.2016.1180371,,"['Cd','Ba']","[2,1]","['H3OABDC','H2O']","[2,7]",0,0,0,0.416666667,0.083333333,0.25,0,0,0.083333333,0.083333333,0,0,0,0.041666667,0,0.166666667,0,0,0,0,0,0,0,0,0,0,0,0,0,0.125,0,0,0,0,0,0,0,0,0,0,0,0,0.041666667,0.041666667,0,0,0,0,0,0,0,0,0,0,0,0,0.041666667,0,0,0,0,0,0,0,0,0,0,0,0,0,0,0,0,0,0,0,0,0.125,0,0,0,0,0,0,1,0,0,0.778361111,0.666666667,0.375,0.666666667,0.643728739,0.310395406,0.310395406,0.155197703,0.103640518,0.103640518,0.09875,0.625,0.125,0,0.125,0.125,0.166666667,0.5,0.25,0,0,0.125,0.125,0.125,0.041666667,0,0.25,0,0,0,0.041666667,0,0,0,0,0.041666667,1.165625,2.333333333,0,0,-0.435126667,1.75,1.423333333,7.7331,2,1,0
51,"[Mn3(3,3′‐ADB)2(3,3′‐ADB)(bimb)(H2O)2]",TOWBIT,10.1002/ejic.201900930,"azodibenzoic acid (3,3′‐H2ADB)",['Mn'],[3],"['H2ADB','bimb','H2O']","[3,1,2]",0,0,0,0.4,0,0.435714286,0.117857143,0.017857143,0.05,0.05,0,0,0,0,0,0,0,0,0.017857143,0,0.05,0,0.017857143,0.035714286,0,0,0,0,0,0.05,0,0,0,0,0,0,0,0,0,0,0,0,0,0,0.017857143,0.107142857,0,0.017857143,0,0,0,0,0.035714286,0.035714286,0,0,0.035714286,0,0.035714286,0,0,0,0,0,0,0,0,0,0.017857143,0,0,0,0,0,0,0,0,0.05,0,0,0,0,0,0,0.75,0,0,0.704563393,0.625,0.628571429,1.333333333,0.67380028,0.29880028,0.338130776,0.155218361,0.098546496,0.098546496,0.089607143,0.569642857,0.075,0,0.194642857,0.194642857,0.144642857,0.285714286,0.185714286,0,0,0.05,0.1,0.05,0.035714286,0.017857143,0.371428571,0,0,0.017857143,0.05,0,0,0,0,0.067857143,0.700303571,0.666666667,0,0,-0.52,1.4,1.55,7.434,2,1,1
52,[Mn2(H2ADB)2(bib)],TOWBOZ,10.1002/ejic.201900930,"1,4‐bis(imidazol‐1‐yl)‐butane (bimb), 1,4‐bis(1‐imidazolyl)benzene (bib), 2,2′‐bipyridine (2,2′‐bpy), 1,4‐bis(imidazol‐1‐yl‐methylene)‐benzene (bix), 1,6‐bis(imidazol‐1‐yl)‐hexane (bimh)",['Mn'],[2],"['H2ADB','bib']","[2,1]",0,0,0,0.432478632,0,0.509401709,0.114529915,0.076923077,0.044444444,0.044444444,0,0,0,0,0,0,0,0,0.025641026,0,0.044444444,0,0.076923077,0,0,0,0,0,0,0.044444444,0,0,0,0,0,0,0,0,0,0,0,0,0,0,0,0,0,0,0,0,0,0,0.051282051,0.051282051,0,0,0,0,0,0,0,0,0,0,0,0,0,0,0.025641026,0,0,0,0,0,0,0,0,0.044444444,0,0,0,0,0,0,0.666666667,0,0,0.725067236,0.64957265,0.733333333,1.5,0.66200491,0.31157756,0.335749056,0.164613234,0.106716374,0.106716374,0.097367521,0.509401709,0.066666667,0,0.235897436,0.235897436,0.114529915,0.273504274,0.184615385,0,0,0.044444444,0.088888889,0.044444444,0,0.025641026,0.446153846,0,0,0.025641026,0.057264957,0,0,0,0,0.082905983,0.666008547,0,0,0,-0.52,1.4,1.55,7.434,2,1,1
53,"[Cd(3,3′‐ADB)(2,2′‐bpy)]n",TOWBUF,10.1002/ejic.201900930,,['Cd'],[1],"['H2ADB','bpy']","[1,1]",0,0,0,0.466666667,0,0.616666667,0.216666667,0,0.033333333,0.033333333,0,0,0,0,0,0,0,0,0.05,0,0.033333333,0,0,0,0,0,0,0,0,0.033333333,0,0,0,0,0,0,0,0,0,0,0,0,0,0,0,0,0,0,0,0,0,0,0.05,0,0,0,0,0,0,0,0,0,0,0,0,0,0,0,0,0,0,0,0,0,0,0,0,0.033333333,0,0,0,0,0,0,0.5,0,0,0.700730556,0.633333333,0.8,2,0.672817686,0.306151019,0.341614126,0.161339183,0.101062822,0.101062822,0.092833333,0.491666667,0.05,0,0.25,0.25,0.091666667,0.216666667,0.15,0,0,0.033333333,0.066666667,0.033333333,0,0.05,0.45,0,0,0,0.083333333,0,0,0,0,0.083333333,0.574958333,0,0,0,-0.725,1.55,1.69,8.9938,2,1,1
54,"[Cd2Cl2(3,3′‐ADB)(bix)2]n",TOWCAM,10.1002/ejic.201900930,,['Cd'],[2],"['H2ADB','bix','Cl']","[1,2,2]",0,0,0,0.24,0,0.293333333,0.053333333,0.053333333,0.013333333,0.013333333,0,0,0,0,0,0,0,0,0.026666667,0,0.013333333,0,0.08,0,0,0,0,0,0,0.013333333,0,0,0,0,0,0,0,0,0,0,0,0,0,0,0,0,0,0,0,0,0,0,0.053333333,0.08,0,0,0,0,0,0,0,0,0,0,0,0,0,0,0.026666667,0,0,0,0,0,0,0,0,0.013333333,0,0,0,0,0,0,0.2,0,0.4,1.02035,0.573333333,0.475555556,2.5,0.682960422,0.407479545,0.283941846,0.096238974,0.061684158,0.061684158,0.113066667,0.493333333,0.046666667,0,0.146666667,0.146666667,0.053333333,0.12,0.093333333,0,0,0.213333333,0.026666667,0.04,0,0.026666667,0.266666667,0,0,0.026666667,0.026666667,0,0,0,0,0.053333333,0.284333333,0,0,0,-0.725,1.55,1.69,8.9938,2,1,1
55,"[Co(3,3′‐ADB)(bimh)]n",TOWCEQ,10.1002/ejic.201900930,,['Co'],[1],"['H2ADB','bimh']","[1,1]",0,0,0,0.266666667,0,0.325490196,0.096078431,0.029411765,0.033333333,0.033333333,0,0,0,0,0,0,0,0,0.029411765,0,0.033333333,0,0.029411765,0.058823529,0,0,0,0,0,0.033333333,0,0,0,0,0,0,0,0,0,0,0,0,0,0,0.058823529,0.294117647,0,0.029411765,0,0,0,0,0.058823529,0.058823529,0,0,0.088235294,0,0.058823529,0,0,0,0,0,0,0,0,0,0.029411765,0,0,0,0,0,0,0,0,0.033333333,0,0,0,0,0,0,0.5,0,0,0.642868301,0.568627451,0.6125,2,0.704704864,0.273332315,0.353975034,0.14134715,0.087014607,0.087014607,0.073568627,0.634313725,0.05,0,0.173529412,0.173529412,0.169607843,0.225490196,0.158823529,0,0,0.033333333,0.066666667,0.033333333,0.088235294,0.029411765,0.317647059,0,0,0.029411765,0.033333333,0,0,0,0,0.062745098,0.544862745,0,0,0,0.66226,1.35,1.88,7.881,2,1,1
56,[Zn2(bcbpy)1(pma)1(H2O)2],GOPZIX,10.1039/C9QI01037H,"(bcbpy = 1,1′-bis(3-carboxylatobenzyl)-(4,4′-bipyridinium) dichloride, H4pma = pyromellitic acid)",['Zn'],[2],"['bcbpy','H4pma','H2O']","[1,1,2]",0,0,0,0.532407407,0.037037037,0.342592593,0,0.037037037,0.101851852,0.101851852,0,0,0,0,0,0.037037037,0.018518519,0,0,0,0,0,0.018518519,0.037037037,0,0,0,0,0,0.101851852,0,0,0,0,0,0,0,0,0,0,0,0,0,0,0,0,0,0,0,0,0,0,0,0.037037037,0,0,0.018518519,0,0.037037037,0,0,0,0,0,0,0,0,0,0,0,0,0,0,0,0,0,0,0.101851852,0,0,0,0,0,0,1,0,0,0.77030054,0.671296296,0.541666667,1,0.644684163,0.315980459,0.318963918,0.163957148,0.112881232,0.112881232,0.100416667,0.578703704,0.101851852,0,0.173611111,0.173611111,0.148148148,0.425925926,0.222222222,0,0.018518519,0.101851852,0.101851852,0.101851852,0.018518519,0,0.347222222,0,0,0,0.05787037,0,0,0,0,0.05787037,0.967731481,1,0,0,-0.62,1.35,1.65,9.3942,2,-1,-1
57,[Ca3(BTB)2(NMP)2(H2O)2],-,10.1134/S0022476619110192,"H3BTB = benzene-1,3,5-tribenzoic acid, NMP = N-methyl-pyrrolidone)",['Ca'],[3],"['H3BTB','NMP','H2O']","[2,2,2]",0,0,0,0.411764706,0,0.294117647,0,0,0.029411765,0.029411765,0,0,0,0,0.03125,0.0625,0,0,0,0,0,0,0,0.0625,0,0,0,0,0,0.029411765,0,0,0,0,0,0,0,0,0,0,0,0.03125,0.03125,0,0.03125,0.25,0,0.03125,0,0.03125,0,0,0,0,0,0,0.1875,0,0.15625,0,0,0,0,0,0,0,0,0,0,0,0,0,0,0,0.03125,0,0,0.029411765,0,0,0,0,0,0,0.5,0.5,0,0.616357384,0.542279412,0.720779221,1.333333333,0.718946319,0.26122573,0.362477946,0.136316231,0.091249162,0.091249162,0.062738971,0.577205882,0.060661765,0,0.273897059,0.117647059,0.090073529,0.211397059,0.121323529,0,0,0.060661765,0.029411765,0.029411765,0.03125,0,0.297794118,0.09375,0,0.03125,0.039215686,0,0,0,0.03125,0.039215686,0.432936581,0.666666667,0,0,0.02455,1.8,1,6.1132,2,1,1
58,[Ca3(NTB)2(DEF)2(H2O)2],-,10.1134/S0022476619110192,"H3NTB = 4,4′,4″-nitrilotribenzoic acid, DEF = N,N-diethyl-formamide",['Ca'],[3],"['H3NTB','DEF','H2O']","[2,2,2]",0,0,0,0.279069767,0,0.279069767,0,0.069767442,0.034883721,0.034883721,0,0,0,0,0,0,0,0,0,0,0,0,0.034883721,0.055555556,0,0,0,0,0,0.034883721,0,0,0,0,0,0,0,0,0,0,0,0,0,0,0,0.277777778,0,0.055555556,0,0.027777778,0,0,0,0.027777778,0.027777778,0,0.222222222,0,0.111111111,0,0,0,0,0,0,0,0,0,0,0,0,0,0,0,0.027777778,0,0,0.034883721,0,0,0,0,0,0,0.5,0.5,0,0.599792366,0.52002584,0.321428571,1.333333333,0.728957055,0.248982895,0.358067311,0.121280872,0.074675666,0.074675666,0.062745478,0.723514212,0.062661499,0,0.104651163,0.104651163,0.180878553,0.234496124,0.136950904,0,0,0.062661499,0.034883721,0.102067183,0.111111111,0,0.209302326,0,0,0,0.034883721,0,0,0,0,0.034883721,0.475750969,0.666666667,0,0,0.02455,1.8,1,6.1132,2,1,1
60,[Cd2(mipa)2(bpe)3]n,POQMAM,10.1016/j.jssc.2019.120933,"5-methylisophthalic acid (5-H2mipa), 1,2-bis(4-pyridyl)ethylene (bpe)",['Cd'],[2],"['mipa','bpe']","[2,3]",0,0,0,0.49047619,0.038095238,0.514285714,0.1,0,0.038095238,0.038095238,0,0,0,0,0,0.057142857,0,0,0.05,0,0,0,0,0,0,0,0,0,0,0.038095238,0,0,0,0,0,0,0,0,0,0,0,0,0,0,0,0,0,0,0,0,0,0,0.1,0,0,0,0.057142857,0,0,0,0,0,0,0,0,0,0,0,0,0,0,0,0,0,0,0,0,0.038095238,0,0,0,0,0,0,0.4,0,0,0.665604167,0.597619048,0.698901099,2.5,0.69156055,0.289179597,0.347215311,0.149520138,0.093792699,0.093792699,0.084047619,0.547619048,0.063095238,0,0.207142857,0.207142857,0.107142857,0.202380952,0.126190476,0,0,0.038095238,0.038095238,0.088095238,0.019047619,0.05,0.364285714,0,0,0,0.069047619,0,0,0,0,0.069047619,0.516363095,0,0,0,-0.725,1.55,1.69,8.9938,2,1,1
61,[Zn(mipa)(bpe)]n,POQMEQ,10.1016/j.jssc.2019.120933,,['Zn'],[1],"['mipa','bpe']","[1,1]",0,0,0,0.488095238,0.047619048,0.476190476,0.083333333,0,0.047619048,0.047619048,0,0,0,0,0,0.071428571,0,0,0.041666667,0,0,0,0,0,0,0,0,0,0,0.047619048,0,0,0,0,0,0,0,0,0,0,0,0,0,0,0,0,0,0,0,0,0,0,0.083333333,0,0,0,0.071428571,0,0,0,0,0,0,0,0,0,0,0,0,0,0,0,0,0,0,0,0,0.047619048,0,0,0,0,0,0,0.5,0,0,0.673822917,0.601190476,0.659340659,2,0.68846707,0.289657547,0.343973023,0.14893739,0.094628162,0.094628162,0.084642857,0.55952381,0.068452381,0,0.196428571,0.196428571,0.113095238,0.232142857,0.136904762,0,0,0.047619048,0.047619048,0.089285714,0.023809524,0.041666667,0.351190476,0,0,0,0.06547619,0,0,0,0,0.06547619,0.578318452,0,0,0,-0.62,1.35,1.65,9.3942,2,1,0
62,[Ni(mipa)(bpe)],POQNAN,10.1016/j.jssc.2019.120933,,['Ni'],[1],"['mipa','bpe']","[1,1]",0,0,0,0.488095238,0.047619048,0.476190476,0.083333333,0,0.047619048,0.047619048,0,0,0,0,0,0.071428571,0,0,0.041666667,0,0,0,0,0,0,0,0,0,0,0.047619048,0,0,0,0,0,0,0,0,0,0,0,0,0,0,0,0,0,0,0,0,0,0,0.083333333,0,0,0,0.071428571,0,0,0,0,0,0,0,0,0,0,0,0,0,0,0,0,0,0,0,0,0.047619048,0,0,0,0,0,0,0.5,0,0,0.673822917,0.601190476,0.659340659,2,0.68846707,0.289657547,0.343973023,0.14893739,0.094628162,0.094628162,0.084642857,0.55952381,0.068452381,0,0.196428571,0.196428571,0.113095238,0.232142857,0.136904762,0,0,0.047619048,0.047619048,0.089285714,0.023809524,0.041666667,0.351190476,0,0,0,0.06547619,0,0,0,0,0.06547619,0.578318452,0,0,0,1.15716,1.35,1.91,7.6398,2,1,-1
71,[Cu(L8)(H2O)],COQBOC,10.1088/1361-6528/ab30b6,"L8 = 2,5-dicarboxylic acid-3,4-ethylene dioxythiophene",['Cu'],[1],"['L8','H2O']","[1,1]",0,0,0,0.19047619,0,0,0,0,0.095238095,0.285714286,0,0.19047619,0,0,0,0,0,0,0,0,0,0,0,0,0,0,0,0,0.095238095,0.095238095,0,0,0,0.047619048,0,0,0,0,0,0,0,0,0,0,0,0.19047619,0,0,0.095238095,0,0,0,0,0,0,0,0.095238095,0,0,0.19047619,0,0,0,0,0,0,0,0,0,0,0,0,0,0,0,0,0,0.095238095,0,0,0,0,0,0,1,0,0,0.913480159,0.714285714,0.6,1,0.61227324,0.365439744,0.30274943,0.207511335,0.11436771,0.162968697,0.083809524,0.476190476,0.095238095,0,0.380952381,0.095238095,0.095238095,0.571428571,0.285714286,0,0,0.095238095,0.095238095,0.095238095,0,0.142857143,0.19047619,0.095238095,0,0.047619048,0.047619048,0,0.095238095,0.047619048,0.047619048,0.047619048,1.107857143,1,0,0,1.23578,1.35,1.9,7.7264,2,1,-1
72,[AgTPB],SOMRAQ,10.1016/j.molstruc.2019.05.070,"1,2,4,5-tetra(4-pyridyl) benzene (TPB)",['Ag'],[1],['TPB'],[1],0,0,0,0.708333333,0,0.583333333,0.166666667,0,0,0,0,0,0,0,0,0,0,0,0.083333333,0,0,0,0,0,0,0,0,0,0,0,0,0,0,0,0,0,0,0,0,0,0,0,0,0,0,0,0,0,0,0,0,0,0.166666667,0,0,0,0,0,0,0,0,0,0,0,0,0,0,0,0,0,0,0,0,0,0,0,0,0,0,0,0,0,0,0,0,0,0,0.670934028,0.625,1,1,0.683101133,0.308101133,0.360184466,0.172684466,0.116492516,0.116492516,0.087083333,0.458333333,0,0,0.3125,0.3125,0.083333333,0.083333333,0.083333333,0,0,0,0,0,0,0.083333333,0.541666667,0,0,0,0.104166667,0,0,0,0,0.104166667,0.268541667,0,0,0,1.30447,1.6,1.93,7.5762,1,1,1
73,[Cu(BIM)2(SCN)2],XOZJAA,10.1016/j.poly.2019.06.054,(BIM = bis(2-imidazol-2-yl)methane),['Cu'],[1],"['BIM','SCN']","[2,2]",0,0,0,0,0,0.105263158,0.052631579,0.052631579,0,0,0,0,0,0.026315789,0,0.105263158,0,0,0.052631579,0,0,0,0.052631579,0,0.105263158,0,0,0,0,0,0,0,0,0,0,0,0,0,0,0,0.052631579,0.052631579,0,0,0,0,0,0,0,0,0,0,0.052631579,0.052631579,0,0,0.026315789,0,0,0,0,0,0,0,0,0,0.166666667,0,0.052631579,0,0,0,0,0,0,0,0,0,0,0,0,0,0,0,0,0,0,1.131668129,0.789473684,0.454545455,4,0.575617009,0.501173456,0.247164321,0.212720777,0.059073484,0.089502515,0.089912281,0.429824561,0,0.166666667,0.131578947,0.131578947,0.052631579,0.271929825,0.271929825,0,0,0.333333333,0.166666667,0,0.026315789,0.052631579,0.210526316,0,0,0.052631579,0,0,0,0,0,0.052631579,1.368618421,0,0,0,1.23578,1.35,1.9,7.7264,2,1,1
74,[Cu(BIMAM)2(OH2)2],XOZJEE,10.1016/j.poly.2019.06.054,(BIMAM = bis(2-imidazol-2-yl)methylaminomethane),['Cu'],[1],"['BIMAM','H2O']","[2,2]",0,0,0,0,0,0.19047619,0.095238095,0.095238095,0,0,0,0,0,0.047619048,0,0.095238095,0.095238095,0,0.095238095,0,0,0,0.095238095,0,0.19047619,0,0,0,0,0,0,0,0,0,0,0,0,0,0,0,0.095238095,0.095238095,0,0,0,0,0,0,0,0,0.095238095,0,0.095238095,0.095238095,0,0,0,0,0.047619048,0,0,0.047619048,0,0,0,0,0,0,0.095238095,0,0,0,0,0,0,0,0,0,0,0,0,0,0,0,0,0,0,0.647555556,0.571428571,0.833333333,2,0.701717523,0.273146094,0.347681693,0.143450532,0.09001179,0.09001179,0.077142857,0.571428571,0,0,0.238095238,0.238095238,0.142857143,0.238095238,0.238095238,0,0,0,0,0.047619048,0.047619048,0.095238095,0.380952381,0,0,0.095238095,0,0,0,0,0,0.095238095,0.992619048,2,0,0,1.23578,1.35,1.9,7.7264,2,1,1
75,{Zn2(tpt)2(tda)2·H2O},JOPTIU,10.1021/acs.cgd.9b00704,"tpt = 2,4,6-tri(pyridin-4-yl)-1,3,5-triazine, tda = 2,5-thiophene dicarboxylic acid",['Zn'],[2],"['tpt','tda','H2O']","[2,2,1]",0,0,0,0.341666667,0,0.383333333,0.166666667,0,0.066666667,0.066666667,0,0.133333333,0,0,0,0,0,0,0.083333333,0,0,0,0,0,0,0,0,0,0,0.066666667,0,0,0,0.033333333,0,0,0,0,0,0,0,0,0,0,0,0,0,0,0,0,0,0,0.083333333,0,0,0,0,0,0,0,0,0,0,0,0,0,0,0.041666667,0,0,0,0,0,0,0,0,0,0.066666667,0,0,0,0,0,0,0.5,0,0,0.839725,0.7,0.727272727,2,0.630309181,0.357525734,0.315725848,0.199059181,0.111000027,0.145020718,0.0945,0.475,0.066666667,0,0.266666667,0.233333333,0.108333333,0.35,0.216666667,0,0,0.066666667,0.066666667,0.066666667,0,0.116666667,0.383333333,0,0,0.033333333,0.055555556,0,0,0,0,0.088888889,0.890208333,0.5,0,0,-0.62,1.35,1.65,9.3942,2,1,0
76,[Co(ADDA)],WONYAC,10.1016/j.molstruc.2019.07.037,"(ADDA = 3,3'-(anthracene-9,10-diyl)diacrylic acid, bipy = 4,4′-bipyridine",['Co'],[1],['ADDA'],[1],0,0,0,0.789473684,0,0.631578947,0,0,0.052631579,0.052631579,0,0,0,0,0,0,0,0,0,0,0,0,0,0,0,0,0,0,0,0.052631579,0,0,0,0,0,0,0,0,0,0,0,0,0,0,0,0,0,0,0,0,0,0,0,0,0,0,0,0,0,0,0,0,0,0,0,0,0,0,0,0,0,0,0,0,0,0,0,0.052631579,0,0,0,0,0,0,1,0,0,0.698087719,0.631578947,0.583333333,1,0.674552452,0.306131399,0.345605083,0.166223594,0.113813552,0.113813552,0.089473684,0.526315789,0.105263158,0,0.210526316,0.210526316,0.105263158,0.210526316,0.105263158,0,0,0.052631579,0.052631579,0.157894737,0,0,0.368421053,0,0,0,0.078947368,0,0.105263158,0.052631579,0,0.078947368,0.490789474,0,0,0,0.66226,1.35,1.88,7.881,2,1,-1
77,[Co(ADDA)(bipy)],WONYEG,10.1016/j.molstruc.2019.07.037,"(H2ADDA = 3,3'-(anthracene-9,10-diyl)diacrylic acid, bipy = 4,4′-bipyridine",['Co'],[1],"['ADDA','bipy']","[1,1]",0,0,0,0.644736842,0,0.615789474,0.1,0,0.026315789,0.026315789,0,0,0,0,0,0,0,0,0.05,0,0,0,0,0,0,0,0,0,0,0.026315789,0,0,0,0,0,0,0,0,0,0,0,0,0,0,0,0,0,0,0,0,0,0,0.1,0,0,0,0,0,0,0,0,0,0,0,0,0,0,0,0,0,0,0,0,0,0,0,0,0.026315789,0,0,0,0,0,0,0.5,0,0,0.674435526,0.615789474,0.791666667,2,0.684636906,0.300426379,0.351413221,0.161722477,0.104927286,0.104927286,0.087236842,0.488157895,0.052631579,0,0.255263158,0.255263158,0.077631579,0.155263158,0.102631579,0,0,0.026315789,0.026315789,0.078947368,0,0.05,0.434210526,0,0,0,0.089473684,0,0.052631579,0.026315789,0,0.089473684,0.406519737,0,0,0,0.66226,1.35,1.88,7.881,2,1,-1
78,[Co(ADDA)2(bipy)],WONYOQ,10.1016/j.molstruc.2019.07.037,"(H2ADDA = 3,3'-(anthracene-9,10-diyl)diacrylic acid, bipy = 4,4′-bipyridine",['Co'],[1],"['ADDA','bipy']","[2,1]",0,0,0,0.692982456,0,0.621052632,0.066666667,0,0.035087719,0.035087719,0,0,0,0,0,0,0,0,0.033333333,0,0,0,0,0,0,0,0,0,0,0.035087719,0,0,0,0,0,0,0,0,0,0,0,0,0,0,0,0,0,0,0,0,0,0,0.066666667,0,0,0,0,0,0,0,0,0,0,0,0,0,0,0,0,0,0,0,0,0,0,0,0,0.035087719,0,0,0,0,0,0,0.666666667,0,0,0.682319591,0.621052632,0.722222222,3,0.681275421,0.302328053,0.349477175,0.163222849,0.107889374,0.107889374,0.087982456,0.500877193,0.070175439,0,0.240350877,0.240350877,0.086842105,0.173684211,0.103508772,0,0,0.035087719,0.035087719,0.105263158,0,0.033333333,0.412280702,0,0,0,0.085964912,0,0.070175439,0.035087719,0,0.085964912,0.434609649,0,0,0,0.66226,1.35,1.88,7.881,2,1,0
79,[Co2(ADDA)2(bipy)],WONYIK,10.1016/j.molstruc.2019.07.037,"(H2ADDA = 3,3'-(anthracene-9,10-diyl)diacrylic acid, bipy = 4,4′-bipyridine",['Co'],[2],"['ADDA','bipy']","[2,1]",0,0,0,0.692982456,0,0.621052632,0.066666667,0,0.035087719,0.035087719,0,0,0,0,0,0,0,0,0.033333333,0,0,0,0,0,0,0,0,0,0,0.035087719,0,0,0,0,0,0,0,0,0,0,0,0,0,0,0,0,0,0,0,0,0,0,0.066666667,0,0,0,0,0,0,0,0,0,0,0,0,0,0,0,0,0,0,0,0,0,0,0,0,0.035087719,0,0,0,0,0,0,0.666666667,0,0,0.682319591,0.621052632,0.722222222,1.5,0.681275421,0.302328053,0.349477175,0.163222849,0.107889374,0.107889374,0.087982456,0.500877193,0.070175439,0,0.240350877,0.240350877,0.086842105,0.173684211,0.103508772,0,0,0.035087719,0.035087719,0.105263158,0,0.033333333,0.412280702,0,0,0,0.085964912,0,0.070175439,0.035087719,0,0.085964912,0.434609649,0,0,0,0.66226,1.35,1.88,7.881,2,1,-1
80,[Co3(tpa)3(dapz)(DMF)2],MOYROK,10.1021/acs.inorgchem.9b02658,"H2tpa = terephthalic acid, dapz = pyrazine-2,5-diamine, DMF = dimethylformamide",['Co'],[3],"['tpa','dapz','DMF']","[3,1,2]",0,0,0,0.277777778,0,0.246031746,0.047619048,0.023809524,0.055555556,0.055555556,0,0,0,0,0,0,0,0,0.023809524,0,0,0,0,0.055555556,0.047619048,0,0,0,0,0.055555556,0,0,0,0,0,0,0,0,0,0,0,0,0,0,0,0,0,0,0,0.027777778,0,0,0.023809524,0.027777778,0.027777778,0,0.166666667,0,0.166666667,0,0,0.023809524,0,0,0,0,0,0,0.023809524,0,0,0,0,0,0.027777778,0,0,0.055555556,0,0,0,0,0,0,0.5,0.333333333,0,0.663012235,0.567460317,0.375,2,0.699546621,0.267006938,0.333123212,0.124464326,0.07557368,0.07557368,0.081547619,0.650793651,0.083333333,0,0.119047619,0.119047619,0.134920635,0.353174603,0.214285714,0,0,0.083333333,0.055555556,0.134920635,0.055555556,0.023809524,0.214285714,0,0,0,0.03968254,0,0,0,0,0.03968254,0.890704365,0,0,0,0.66226,1.35,1.88,7.881,2,1,1
81,[Cu6(Dcam)8(TMDPY)4Cd2Na(OH)4],NOSTIB,10.1016/j.solidstatesciences.2019.106032,"(D-cam =D-Camphoric acid, TMDPY = 4,4'-Trimethylenedipyridine, MOF 1)","['Cu','Cd','Na']","[6,2,1]","['Dcam','TMDPY','OH']","[8,4,4]",0,0,0,0.068965517,0.045977011,0.137931034,0.045977011,0,0,0,0,0,0,0,0.134099617,0.068199234,0,0,0.022988506,0,0,0,0,0,0,0,0,0,0,0.044444444,0,0,0,0,0,0,0,0,0,0,0,0,0.044444444,0.044444444,0.27816092,0.514176245,0,0,0,0,0,0,0.045977011,0,0,0,0.278927203,0,0,0,0,0,0,0,0,0,0,0,0,0,0,0,0,0,0,0,0,0.044444444,0,0,0,0,0,0,0.666666667,0,0,0.560716539,0.483524904,0.504761905,1.333333333,0.74886836,0.232393264,0.372623149,0.118463455,0.08638685,0.08638685,0.043095785,0.718007663,0.044444444,0,0.180076628,0.068965517,0.157088123,0.200766284,0.111877395,0,0,0.044444444,0.044444444,0.044444444,0.101149425,0.022988506,0.114942529,0.111111111,0,0.022222222,0.022988506,0,0,0,0.022222222,0.022988506,0.488524904,0,0,0.444444444,0.721631111,1.444444444,1.745555556,7.720566667,1.888888889,1,0
82,[Zn2(TBAPy)1(H2O)4],MOWNOE,10.1021/acs.inorgchem.9b02203,"(H4TBAPy) = 1,3,6,8-tetrakis(p-benzoic acid)pyrene",['Zn'],[2],"['TBAPy','H2O']","[1,4]",0,0,0,0.974358974,0,0.564102564,0,0,0.051282051,0.051282051,0,0,0,0,0,0,0,0,0,0,0,0,0,0,0,0,0,0,0,0.051282051,0,0,0,0,0,0,0,0,0,0,0,0,0,0,0,0,0,0,0,0,0,0,0,0,0,0,0,0,0,0,0,0,0,0,0,0,0,0,0,0,0,0,0,0,0,0,0,0.051282051,0,0,0,0,0,0,1,0,0,0.729363248,0.666666667,0.769230769,0.5,0.657256235,0.323922902,0.346358799,0.184397348,0.136536281,0.136536281,0.093846154,0.487179487,0.051282051,0,0.282051282,0.269230769,0.102564103,0.205128205,0.102564103,0,0,0.051282051,0.051282051,0.051282051,0,0,0.512820513,0,0,0,0.102564103,0,0.076923077,0.064102564,0,0.102564103,0.478205128,2,0,0,-0.62,1.35,1.65,9.3942,2,1,0
83,[Cd2(tipe)(OBA)2],VOXRAE,10.1002/slct.201902901,"[tipe=1,1,2,2‐tetrakis(4‐(1H‐imidazol‐1‐yl)phenyl)ethene, OBA=4,4‐oxoybis(benzoic acid)]",['Cd'],[2],"['tipe','OBA']","[1,2]",0,0,0,0.538987263,0,0.547996272,0.018018018,0.054054054,0.045977011,0.137931034,0,0,0,0,0,0,0,0,0.018018018,0,0,0,0.054054054,0,0,0,0,0.022988506,0,0.045977011,0,0,0,0,0,0,0,0,0,0,0,0,0,0,0,0,0,0,0,0,0,0,0.036036036,0.036036036,0,0,0,0,0,0,0,0,0,0,0,0,0,0,0.018018018,0,0,0,0,0,0,0,0,0.045977011,0,0,0,0,0,0,0.666666667,0,0,0.718677307,0.643988816,0.739893211,1.5,0.665557206,0.309546022,0.339708866,0.165921743,0.110238723,0.110238723,0.094287046,0.529978254,0.050481516,0,0.237030134,0.237030134,0.127990059,0.265921094,0.150978565,0,0,0.045977011,0.068965517,0.054986021,0,0.018018018,0.456042249,0,0,0.018018018,0.06399503,0,0,0,0,0.082013048,0.562051879,0,0,0,-0.725,1.55,1.69,8.9938,2,1,-1
84,[Cd2(tipe)(SDC)2],VOXREI,10.1002/slct.201902901,"(SDC=4,4′‐stilbenedicarboxylic acid)",['Cd'],[2],"['tipe','SDC']","[1,2]",0,0,0,0.629504505,0,0.596846847,0.018018018,0.054054054,0.041666667,0.041666667,0,0,0,0,0,0,0,0,0.018018018,0,0,0,0.054054054,0,0,0,0,0,0,0.041666667,0,0,0,0,0,0,0,0,0,0,0,0,0,0,0,0,0,0,0,0,0,0,0.036036036,0.036036036,0,0,0,0,0,0,0,0,0,0,0,0,0,0,0.018018018,0,0,0,0,0,0,0,0,0.041666667,0,0,0,0,0,0,0.666666667,0,0,0.689728791,0.623873874,0.71884058,1.5,0.678514874,0.302388748,0.347099006,0.162858931,0.108583065,0.108583065,0.089459459,0.537162162,0.067004505,0,0.224099099,0.224099099,0.119369369,0.202702703,0.119369369,0,0,0.041666667,0.041666667,0.092342342,0,0.018018018,0.43018018,0,0,0.018018018,0.059684685,0,0,0,0,0.077702703,0.468811937,0,0,0,-0.725,1.55,1.69,8.9938,2,1,-1
85,[Ag2(bza)2(bztpy)],KOJVAJ,10.1039/C9CE01155B,"(Hbza = benzoic acid, H2ipa = isophthalic acid and H2pda = 2,4-pyridinedicarboxylic acid)",['Ag'],[2],"['bza','bztpy']","[2,1]",0,0,0,0.591666667,0,0.638888889,0.055555556,0,0.044444444,0.044444444,0,0,0,0,0,0,0,0,0.027777778,0,0,0,0,0,0,0,0,0,0,0.044444444,0,0,0,0,0,0,0,0,0,0,0,0,0,0,0,0,0,0,0,0,0,0,0.055555556,0,0,0,0,0,0,0,0,0,0,0,0,0,0,0,0,0,0,0,0,0,0,0,0,0.044444444,0,0,0,0,0,0,0.666666667,0,0,0.675952083,0.608333333,0.777777778,1.5,0.686211337,0.29454467,0.345239115,0.153483635,0.096051171,0.096051171,0.08725,0.508333333,0.044444444,0,0.2375,0.2375,0.072222222,0.205555556,0.116666667,0,0,0.044444444,0.044444444,0.044444444,0,0.027777778,0.447222222,0,0,0,0.079166667,0,0,0,0,0.079166667,0.503958333,0,0,0,1.30447,1.6,1.93,7.5762,1,1,0
86,[Ag2(H2ipa)(bztpy)],KOJVEN,10.1039/C9CE01155B,"(Hbza = benzoic acid, H2ipa = isophthalic acid and H2pda = 2,4-pyridinedicarboxylic acid)",['Ag'],[2],"['H2ipa','bztpy']","[1,1]",0,0,0,0.631944444,0,0.513888889,0.083333333,0,0.055555556,0.055555556,0,0,0,0,0,0,0,0,0.041666667,0,0,0,0,0,0,0,0,0,0,0.055555556,0,0,0,0,0,0,0,0,0,0,0,0,0,0,0,0,0,0,0,0,0,0,0.083333333,0,0,0,0,0,0,0,0,0,0,0,0,0,0,0,0,0,0,0,0,0,0,0,0,0.055555556,0,0,0,0,0,0,0.5,0,0,0.720031829,0.645833333,0.75,1,0.664689265,0.310522599,0.336564265,0.164578249,0.10893834,0.10893834,0.094652778,0.506944444,0.055555556,0,0.239583333,0.239583333,0.097222222,0.263888889,0.152777778,0,0,0.055555556,0.055555556,0.055555556,0,0.041666667,0.4375,0,0,0,0.079861111,0,0,0,0,0.079861111,0.652326389,0,0,0,1.30447,1.6,1.93,7.5762,1,1,-1
87,[Ag6(pda)2(pda)1(bztpy)4],KOJVIR,10.1039/C9CE01155B,"(Hbza = benzoic acid, H2ipa = isophthalic acid and H2pda = 2,4-pyridinedicarboxylic acid)",['Ag'],[6],"['pda','bztpy']","[3,4]",0,0,0,0.556022409,0,0.459383754,0.170868347,0,0.050420168,0.050420168,0,0,0,0,0,0,0,0,0.072829132,0,0,0,0,0,0,0,0,0,0,0.050420168,0,0,0,0,0,0,0,0,0,0,0,0,0,0,0,0,0,0,0,0,0,0,0.120448179,0,0,0,0,0,0,0,0,0,0,0,0,0,0,0,0,0,0,0,0,0,0,0,0,0.050420168,0,0,0,0,0,0,0.428571429,0,0,0.73448331,0.659663866,0.785714286,1.166666667,0.657071406,0.316735272,0.333892134,0.168350204,0.111242662,0.111242662,0.097913165,0.488795518,0.050420168,0,0.254201681,0.254201681,0.098039216,0.274509804,0.173669468,0,0,0.050420168,0.050420168,0.050420168,0,0.072829132,0.43557423,0,0,0,0.084733894,0,0,0,0,0.084733894,0.704859944,0,0,0,1.30447,1.6,1.93,7.5762,1,1,-1
89,[Co3(OH)2(TCPP)2],QOSTOK,10.1007/s10876-019-01711-8,"2,3,5,6-tetrakis(4-carboxyphenyl)pyrazine (TCPP)",['Co'],[3],"['TCPP','OH']","[2,2]",0,0,0,0.709677419,0,0.516129032,0.129032258,0,0.064516129,0.064516129,0,0,0,0,0,0,0,0,0.032258065,0,0,0,0,0,0,0,0,0,0,0.064516129,0,0,0,0,0,0,0,0,0,0,0,0,0,0,0,0,0,0,0,0,0,0,0,0,0,0,0,0,0,0,0,0,0,0,0,0,0,0,0,0,0,0,0,0,0,0,0,0.064516129,0,0,0,0,0,0,1,0,0,0.753384409,0.677419355,0.714285714,0.666666667,0.647748605,0.32516796,0.333232476,0.177861619,0.125288127,0.125288127,0.099354839,0.516129032,0.064516129,0,0.241935484,0.241935484,0.129032258,0.290322581,0.161290323,0,0,0.064516129,0.064516129,0.064516129,0,0.032258065,0.451612903,0,0,0,0.080645161,0,0,0,0,0.080645161,0.705564516,0,0,0.666666667,0.66226,1.35,1.88,7.881,2,1,0
90,[Tb(DMOBA)3(DMbipy)],BUGFOB,10.1007/s10973-019-08944-9,"(DMOBA = 2,3-dimethoxybenzoate, DMbipy = 5,5′-dimety-2,2′-bipyridine)",['Tb'],[1],"['DMOBA','Dmbipy']","[3,1]",0,0,0,0.34965035,0.038461538,0.300699301,0.057692308,0,0.068181818,0.136363636,0,0,0,0,0,0.057692308,0,0,0.019230769,0,0,0,0,0,0,0,0,0,0.068181818,0,0,0,0,0,0,0,0,0,0,0,0,0,0,0,0,0,0,0,0,0,0,0,0.019230769,0,0,0,0.262237762,0,0,0.204545455,0,0,0,0,0,0,0,0,0,0,0,0,0,0,0,0,0.034090909,0,0,0,0,0,0,0,0.75,0,0,0.662308785,0.577797203,0.56043956,4,0.697574679,0.275371881,0.347555725,0.136454326,0.087790267,0.087790267,0.074641608,0.655594406,0.034090909,0,0.159965035,0.159965035,0.199300699,0.326048951,0.155594406,0.034090909,0,0.068181818,0.068181818,0.034090909,0.087412587,0.019230769,0.300699301,0,0,0,0.053321678,0,0,0,0,0.053321678,0.561317745,0,0,0,0.436,1.75,1.1,6.25416,3,1,0
91,[Dy(DMOBA)3(DMbipy)],BUGFUH,10.1007/s10973-019-08944-9,"(2,3-DMOBA = 2,3-dimethoxybenzoate, 5,5′-DM-2,2′-bipy = 5,5′-dimety-2,2′-bipyridine)",['Dy'],[1],"['DMOBA','Dmbipy']","[3,1]",0,0,0,0.34965035,0.038461538,0.300699301,0.057692308,0,0.068181818,0.136363636,0,0,0,0,0,0.057692308,0,0,0.019230769,0,0,0,0,0,0,0,0,0,0.068181818,0,0,0,0,0,0,0,0,0,0,0,0,0,0,0,0,0,0,0,0,0,0,0,0.019230769,0,0,0,0.262237762,0,0,0.204545455,0,0,0,0,0,0,0,0,0,0,0,0,0,0,0,0,0.034090909,0,0,0,0,0,0,0,0.75,0,0,0.662308785,0.577797203,0.56043956,4,0.697574679,0.275371881,0.347555725,0.136454326,0.087790267,0.087790267,0.074641608,0.655594406,0.034090909,0,0.159965035,0.159965035,0.199300699,0.326048951,0.155594406,0.034090909,0,0.068181818,0.068181818,0.034090909,0.087412587,0.019230769,0.300699301,0,0,0,0.053321678,0,0,0,0,0.053321678,0.561317745,0,0,0,0.34,1.75,1.22,5.9389,3,1,0
92,Ce-TCPPb,-,10.1021/acsami.9b19246,"TCPPb = 4,4′,4″,4‴-(porphine-5,10,15,20-tetrayl)tetrakis(benzoic acid)",['Ce'],[1],['TCPPb'],[1],0,0,0,0.755555556,0,0.533333333,0.088888889,0.088888889,0.044444444,0.044444444,0,0,0,0,0,0,0,0,0.022222222,0,0,0,0.022222222,0,0.044444444,0,0,0,0,0.044444444,0,0,0,0,0,0,0,0,0,0,0,0,0,0,0,0,0,0,0,0,0,0,0,0,0,0,0,0,0,0,0,0,0,0,0,0,0,0,0,0,0,0,0,0,0,0,0,0.044444444,0,0,0,0,0,0,1,0,0,0.732211111,0.666666667,0.8,1,0.656164897,0.322831563,0.343880754,0.182464973,0.132065532,0.132065532,0.096,0.466666667,0.044444444,0,0.3,0.277777778,0.088888889,0.222222222,0.133333333,0,0,0.044444444,0.044444444,0.044444444,0,0.022222222,0.511111111,0,0,0.044444444,0.044444444,0.011111111,0.133333333,0.088888889,0.022222222,0.077777778,0.573777778,0,0,0,0.55,1.85,1.12,5.5387,3,1,0
94,{[Zn2(TDC)2(DATRZ)],XOYDEX,10.1039/c9qi01058k,"TDC = 2,5-thiophene dicarboxylate ion and DATRZ = 3,5-diamino-1,2,4-triazole",['Zn'],[2],"['TDC','DATRZ']","[2,1]",0,0,0,0.177777778,0,0.177777778,0,0,0.088888889,0.088888889,0,0.177777778,0,0,0,0,0,0,0.027777778,0,0,0.027777778,0,0,0.138888889,0.027777778,0,0,0,0.088888889,0,0,0,0.044444444,0,0,0,0,0,0,0,0,0,0,0,0,0,0,0,0,0,0,0,0,0,0,0,0,0,0,0,0.055555556,0.027777778,0,0,0,0,0.027777778,0.111111111,0,0,0,0,0.027777778,0,0,0,0.088888889,0,0,0,0,0,0,0.666666667,0,0,0.867024537,0.683333333,0.541125541,1.5,0.630612619,0.35023469,0.295658197,0.189100753,0.095782331,0.141143252,0.095444444,0.55,0.088888889,0,0.216666667,0.144444444,0.144444444,0.494444444,0.316666667,0,0,0.088888889,0.088888889,0.144444444,0,0.1,0.261111111,0,0,0.072222222,0,0,0,0,0,0.072222222,1.478958333,0,0,0,-0.62,1.35,1.65,9.3942,2,1,0
95,[Zn2(btec)1(dib)2],ZOPFES,10.1016/j.inoche.2019.107641,"H4btec = benzene-1,2,4,5-tetracarboxylic acid, dib = (E)-1,4-di(1H-imidazol-1-yl)but-2-ene",['Zn'],[2],"['btec','dib']","[1,2]",0,0,0,0.194444444,0.051282051,0.209401709,0.051282051,0.051282051,0.055555556,0.055555556,0,0,0,0,0,0.102564103,0.051282051,0,0.051282051,0,0,0,0.051282051,0.102564103,0,0,0,0,0,0.055555556,0,0,0,0,0,0,0,0,0,0.051282051,0,0,0,0,0,0,0,0,0,0,0,0,0.102564103,0.102564103,0,0,0.051282051,0,0.102564103,0,0,0,0,0,0,0,0,0,0.051282051,0,0,0,0,0,0,0,0,0.055555556,0,0,0,0,0,0,0.333333333,0,0,0.696364494,0.608974359,0.587301587,1.5,0.679904196,0.288878555,0.337204545,0.146789041,0.09194843,0.09194843,0.087457265,0.604700855,0.081196581,0,0.169871795,0.169871795,0.158119658,0.324786325,0.213675214,0,0,0.055555556,0.055555556,0.106837607,0.051282051,0.051282051,0.288461538,0,0,0.051282051,0.013888889,0,0,0,0,0.06517094,0.746517094,0,0,0,-0.62,1.35,1.65,9.3942,2,1,0
96,[Cd(BTC)(dib)],ZOPFIW,10.1016/j.inoche.2019.107641,"BTC = benzene-1,3,5-tricarboxylic acid",['Cd'],[1],"['BTC','dib']","[1,1]",0,0,0,0.285714286,0.038461538,0.258241758,0.038461538,0.038461538,0.071428571,0.071428571,0,0,0,0,0,0.076923077,0.038461538,0,0.038461538,0,0,0,0.038461538,0.076923077,0,0,0,0,0,0.071428571,0,0,0,0,0,0,0,0,0,0.038461538,0,0,0,0,0,0,0,0,0,0,0,0,0.076923077,0.076923077,0,0,0.038461538,0,0.076923077,0,0,0,0,0,0,0,0,0,0.038461538,0,0,0,0,0,0,0,0,0.071428571,0,0,0,0,0,0,0.5,0,0,0.71860348,0.626373626,0.557142857,2,0.669645307,0.296018933,0.330031283,0.14977179,0.095001724,0.095001724,0.091813187,0.593406593,0.090659341,0,0.167582418,0.167582418,0.148351648,0.362637363,0.21978022,0,0,0.071428571,0.071428571,0.10989011,0.038461538,0.038461538,0.296703297,0,0,0.038461538,0.023809524,0,0,0,0,0.062271062,0.837417582,0,0,0,-0.725,1.55,1.69,8.9938,2,1,1
97,Zn2(Py)(Atz)2,NORCIJ,10.1016/j.jcou.2019.09.019,"H2Py = 3,5-Pyridinedicarboxylic acid, Hatz = 3-Amino-1,2,4-triazole",['Zn'],[2],"['Py','Atz']","[1,2]",0,0,0,0.137254902,0,0.078431373,0.039215686,0,0.039215686,0.039215686,0,0,0,0,0,0,0,0,0.08627451,0,0,0.066666667,0,0,0.2,0.066666667,0,0,0,0.039215686,0,0,0,0,0,0,0,0,0,0,0,0,0,0,0,0,0,0,0,0,0,0,0.105882353,0.066666667,0,0,0,0,0,0,0,0.066666667,0.066666667,0,0,0,0,0.066666667,0.2,0,0,0,0,0,0,0,0,0.039215686,0,0,0,0,0,0,0.333333333,0,0,0.740194118,0.635294118,0.722222222,1.5,0.660045327,0.295339444,0.310256882,0.142059328,0.082459935,0.082459935,0.108117647,0.509803922,0.039215686,0,0.258823529,0.192156863,0.105882353,0.443137255,0.364705882,0,0,0.039215686,0.039215686,0.105882353,0,0.152941176,0.298039216,0,0,0.066666667,0.019607843,0,0,0,0,0.08627451,1.555372549,0,0,0,-0.62,1.35,1.65,9.3942,2,1,0
98,[Zn3(OH)2(ADBEB)2],HOVJAG,10.1039/c9ta10723a,"ADBEB = 4,4′-(anthracene-9,10-diylbis(ethyne-2,1-diyl))dibenzoic acid",['Zn'],[3],"['ADBEB','OH']","[2,2]",0,0.074074074,0.148148148,0.703703704,0,0.592592593,0,0,0.037037037,0.037037037,0,0,0,0,0,0,0,0,0,0,0,0,0,0,0,0,0,0,0,0.037037037,0,0,0,0,0,0,0,0,0,0,0,0,0,0,0,0,0,0,0,0,0,0,0,0,0,0,0,0,0,0,0,0,0,0,0,0,0,0,0,0,0,0,0,0,0,0,0,0.037037037,0,0,0,0,0,0,1,0,0,0.719895062,0.666666667,0.722222222,0.666666667,0.659870244,0.32653691,0.345055429,0.181786974,0.126387314,0.126387314,0.098518519,0.481481481,0.037037037,0.037037037,0.259259259,0.259259259,0.037037037,0.148148148,0.074074074,0,0,0.037037037,0.111111111,0.037037037,0,0,0.481481481,0,0,0,0.092592593,0,0.074074074,0.037037037,0,0.092592593,0.34537037,0,0,0.666666667,-0.62,1.35,1.65,9.3942,2,1,0
99,[Zn6(BTC)4(bimmb)5],MUBWEO,10.1080/24701556.2019.1661456,"(BTC = 1,3,5-benzenetricarboxylic acid), bimmb = 1,4-bis(imidazol-l-ylmethyl) benzene)",['Zn'],[6],"['BTC','bimmb']","[4,5]",0,0,0,0.358134921,0.069444444,0.33531746,0.034722222,0.034722222,0.063492063,0.063492063,0,0,0,0,0,0.069444444,0.034722222,0,0.034722222,0,0,0,0.034722222,0.069444444,0,0,0,0,0,0.063492063,0,0,0,0,0,0,0,0,0,0,0,0,0,0,0,0,0,0,0,0,0,0,0.069444444,0.069444444,0,0,0.034722222,0,0.069444444,0,0,0,0,0,0,0,0,0,0.034722222,0,0,0,0,0,0,0,0,0.063492063,0,0,0,0,0,0,0.444444444,0,0,0.715373099,0.629960317,0.671604938,1.5,0.669703108,0.299663425,0.334957312,0.155762976,0.102345349,0.102345349,0.091130952,0.566468254,0.063492063,0,0.202380952,0.202380952,0.132936508,0.323412698,0.196428571,0,0,0.063492063,0.063492063,0.063492063,0.034722222,0.034722222,0.370039683,0,0,0.034722222,0.038525132,0,0,0,0,0.073247354,0.746750992,0,0,0,-0.62,1.35,1.65,9.3942,2,-1,-1
100,[Cd3(H2NDC)3(tmpo)2],ZORFAC,10.1016/j.ica.2019.119032,"[H2NDC = naphthalene-2,6-dicarboxylic acid, H2bpedc = 4,4′-stibenedicarboxylic acid]",['Cd'],[3],"['H2NDC','tmpo']","[3,2]",0,0,0,0.551408451,0,0.435211268,0,0.033802817,0.05,0.05,0.033802817,0,0,0,0,0.050704225,0,0,0,0.016901408,0,0,0.016901408,0.033802817,0,0,0,0,0,0.05,0.016901408,0.016901408,0,0,0,0,0,0,0,0,0.016901408,0.016901408,0,0,0,0.067605634,0.016901408,0.016901408,0,0,0,0,0,0,0,0,0.084507042,0.033802817,0.033802817,0,0,0,0,0,0,0,0,0,0.016901408,0,0,0,0,0,0,0,0,0.05,0,0,0,0,0,0,0.6,0,0,0.696695305,0.614084507,0.722368421,1.666666667,0.681183947,0.300307481,0.347539598,0.168785151,0.111097205,0.125520776,0.07984507,0.536619718,0.055633803,0,0.268309859,0.192605634,0.100704225,0.245070423,0.13943662,0,0,0.055633803,0.05,0.05,0.022535211,0.016901408,0.385211268,0.033802817,0,0.016901408,0.066901408,0,0.05,0.025,0.016901408,0.066901408,0.556207746,0,0,0,-0.725,1.55,1.69,8.9938,2,1,-1
101,[Cd2(bpedc)(tmpo)2],ZORFEU,10.1016/j.ica.2019.119032,,['Cd'],[2],"['bpedc','tmpo']","[1,2]",0,0,0,0.398180751,0,0.433685446,0,0.056338028,0.020833333,0.020833333,0.056338028,0,0,0,0,0.084507042,0,0,0,0.028169014,0,0,0.028169014,0.056338028,0,0,0,0,0,0.020833333,0.028169014,0.028169014,0,0,0,0,0,0,0,0,0.028169014,0.028169014,0,0,0,0.112676056,0.028169014,0.028169014,0,0,0,0,0,0,0,0,0.14084507,0.056338028,0.056338028,0,0,0,0,0,0,0,0,0,0.028169014,0,0,0,0,0,0,0,0,0.020833333,0,0,0,0,0,0,0.333333333,0,0,0.643363703,0.565140845,0.778947368,1.5,0.709275542,0.282814765,0.364139128,0.164647233,0.10209175,0.126131034,0.064741784,0.581866197,0.040639671,0,0.259683099,0.175176056,0.126173709,0.158450704,0.107394366,0,0,0.030223005,0.020833333,0.041666667,0.037558685,0.028169014,0.350352113,0.056338028,0,0.028169014,0.049002347,0,0,0,0.028169014,0.049002347,0.344200411,0,0,0,-0.725,1.55,1.69,8.9938,2,1,1
102,Zn3(tca)2(dpa),,https://www.nature.com/articles/s41467-019-12414-z#Sec13,,['Zn'],[3],"['tca','dpa']","[2,1]",0,0,0,0.463002114,0,0.553911205,0.121212121,0.093023256,0.046511628,0.046511628,0,0,0,0,0,0,0,0,0.03030303,0,0.03030303,0,0.046511628,0,0,0,0,0,0,0.046511628,0,0,0,0,0,0,0,0,0,0,0,0,0,0,0,0,0,0,0,0,0,0,0.060606061,0,0,0,0,0,0,0,0,0,0,0,0,0,0,0,0,0,0,0,0,0,0,0,0,0.046511628,0,0,0,0,0,0,0.666666667,0,0,0.720113167,0.646229739,0.714285714,1,0.664332518,0.310562257,0.337062791,0.164445182,0.106816066,0.106816066,0.09584919,0.523608175,0.061663143,0,0.230443975,0.230443975,0.123326286,0.262156448,0.169133192,0,0,0.046511628,0.076814658,0.062015504,0,0.03030303,0.430584919,0,0,0,0.076814658,0,0,0,0,0.076814658,0.637566949,0,0,0,-0.62,1.35,1.65,9.3942,2,1,-1
103,(Cu)2L(H2O)2,,https://pubs.rsc.org/en/content/articlelanding/2018/TA/C8TA06923A#!divAbstract,,['Cu'],[2],"['L1X','H2O']","[1,2]",0,0,0,0.724137931,0,0.344827586,0,0.137931034,0.137931034,0.068965517,0,0,0,0,0,0,0,0,0,0,0,0,0.103448276,0,0,0,0,0,0,0.068965517,0,0,0,0,0,0,0,0,0,0,0,0,0,0,0,0,0,0,0,0,0,0,0,0,0,0,0,0,0,0,0,0,0,0,0,0,0,0,0,0,0,0,0,0,0.068965517,0,0,0.068965517,0,0,0,0,0,0,1,0,0,0.854086207,0.75862069,0.636363636,0.5,0.599886322,0.358507012,0.31334696,0.198985009,0.150663348,0.150663348,0.115517241,0.413793103,0.137931034,0,0.275862069,0.25862069,0.103448276,0.448275862,0.24137931,0,0,0.137931034,0.068965517,0.068965517,0,0,0.482758621,0,0,0,0.103448276,0,0.103448276,0.086206897,0,0.103448276,0.979913793,1,0,0,1.23578,1.35,1.9,7.7264,2,-1,-1
104,Cu(BDC-2Br)(H2O),,https://www.sciencedirect.com/science/article/pii/S0020169319303743,,['Cu'],[1],"['BDCBr2','H2O']","[1,1]",0.222222222,0,0,0.555555556,0,0.222222222,0,0,0.111111111,0.111111111,0,0,0,0,0,0,0,0,0,0,0,0,0,0,0,0,0,0,0,0.111111111,0,0,0,0,0,0,0,0,0,0,0,0,0,0,0,0,0,0,0,0,0,0,0,0,0,0,0,0,0,0,0,0,0,0,0,0,0,0,0,0,0,0,0,0,0,0,0,0.111111111,0,0,0,0,0,0,1,0,0,1.499648148,0.777777778,0.428571429,1,0.577162339,0.531161955,0.278386535,0.265580977,0.122382191,0.210493109,0.048888889,0.555555556,0.111111111,0,0.166666667,0.166666667,0.111111111,0.444444444,0.222222222,0,0,0.222222222,0.111111111,0.111111111,0,0,0.333333333,0,0,0,0.055555556,0,0,0,0,0.055555556,1.036111111,1,0,0,1.23578,1.35,1.9,7.7264,2,-1,-1
105,Co2(TCPB)(H2O)2,,https://pubs.rsc.org/en/content/articlelanding/2019/nj/c8nj04947e#!divAbstract,,['Co'],[2],"['TCPB','H2O']","[1,2]",0,0,0,0.84375,0,0.5625,0,0,0.0625,0.0625,0,0,0,0,0,0,0,0,0,0,0,0,0,0,0,0,0,0,0,0.0625,0,0,0,0,0,0,0,0,0,0,0,0,0,0,0,0,0,0,0,0,0,0,0,0,0,0,0,0,0,0,0,0,0,0,0,0,0,0,0,0,0,0,0,0,0,0,0,0.0625,0,0,0,0,0,0,1,0,0,0.727268229,0.65625,0.714285714,0.5,0.660406036,0.316656036,0.340093536,0.173953018,0.123434842,0.123434842,0.0940625,0.53125,0.0625,0,0.234375,0.234375,0.125,0.25,0.125,0,0,0.0625,0.0625,0.0625,0,0,0.46875,0,0,0,0.078125,0,0,0,0,0.078125,0.5828125,1,0,0,0.66226,1.35,1.88,7.881,2,-1,-1
106,Ni3(OH)(BTB)2(TPT)(NHMe2),,https://www.sciencedirect.com/science/article/pii/S1387181119303841,,['Ni'],[3],"['BTB','TPT','OH']","[2,1,1]",0,0,0,0.687908497,0,0.558823529,0.111111111,0,0.039215686,0.039215686,0,0,0,0,0,0,0,0,0.055555556,0,0,0,0,0,0,0,0,0,0,0.039215686,0,0,0,0,0,0,0,0,0,0,0,0,0,0,0,0,0,0,0,0,0,0,0.055555556,0,0,0,0,0,0,0,0,0,0,0,0,0,0,0.027777778,0,0,0,0,0,0,0,0,0,0.039215686,0,0,0,0,0,0,0.666666667,0,0,0.718598039,0.653594771,0.818181818,1,0.663073824,0.316668595,0.343220883,0.173616375,0.118673082,0.118673082,0.094346405,0.491830065,0.039215686,0,0.267973856,0.267973856,0.10620915,0.212418301,0.133986928,0,0,0.039215686,0.039215686,0.039215686,0,0.055555556,0.480392157,0,0,0,0.089324619,0,0,0,0,0.089324619,0.544714052,0,0,0.333333333,1.15716,1.35,1.91,7.6398,2,1,0